customer_id,age,gender,city,income_bracket,loyalty_member,registration_date
C0001,18.0,M,Sibiu,Low,0,2023-07-06
C0002,33.0,F,Bucuresti,Low,0,2023-08-31
C0003,39.0,M,Cluj-Napoca,High,0,2022-05-21
C0004,33.0,M,Bucuresti,Medium,1,2023-05-01
C0005,30.0,F,Bucuresti,Medium,0,2022-08-22
C0006,28.0,M,Oradea,Medium,1,2022-09-04
C0007,18.0,F,Pitesti,Medium,1,2023-10-17
C0008,24.0,M,Bucuresti,High,0,2024-05-29
C0009,27.0,M,Sibiu,Medium,0,2023-02-27
C0010,42.0,F,Pitesti,Low,0,2022-09-03
C0011,35.0,M,Galati,Low,1,2023-10-05
C0012,18.0,M,Bucuresti,Medium,0,2024-04-23
C0013,35.0,F,Arad,High,1,2024-01-03
C0014,28.0,M,Bucuresti,Medium,1,2024-04-20
C0015,25.0,F,Bucuresti,High,0,2023-06-26
C0016,38.0,M,Bucuresti,Medium,1,2024-01-06
C0017,42.0,M,Timisoara,Low,1,2022-07-05
C0018,41.0,F,Bucuresti,Low,0,2023-01-08
C0019,23.0,M,Bucuresti,Low,0,2023-02-14
C0020,,M,Bucuresti,Medium,1,2023-06-04
C0021,35.0,M,Ploiesti,Low,1,2024-06-14
C0022,41.0,M,Galati,Medium,0,2024-04-25
C0023,27.0,F,Bucuresti,Medium,0,2022-06-30
C0024,30.0,M,Galati,Medium,0,2022-08-03
C0025,20.0,F,Galati,Low,1,2023-01-16
C0026,,F,Oradea,Medium,0,2022-11-17
C0027,40.0,M,Bucuresti,Medium,0,2023-09-05
C0028,45.0,F,Craiova,Medium,1,2024-05-21
C0029,31.0,M,Targu Mures,High,0,2024-07-14
C0030,,,Craiova,Low,1,2023-10-10
C0031,35.0,M,Bucuresti,High,0,2024-03-24
C0032,25.0,F,Timisoara,Medium,1,2023-06-16
C0033,35.0,F,Brasov,Medium,0,2022-09-04
C0034,47.0,M,Iasi,Medium,1,2023-06-16
C0035,31.0,F,Bucuresti,Medium,1,2023-07-13
C0036,47.0,F,Bucuresti,Low,0,2023-12-29
C0037,,M,Ploiesti,Medium,0,2022-09-14
C0038,40.0,M,Galati,Medium,0,2023-01-26
C0039,32.0,F,Bucuresti,Medium,0,2023-01-22
C0040,29.0,F,Arad,Medium,1,2024-07-11
C0041,32.0,F,Bucuresti,High,1,2023-04-04
C0042,18.0,F,Brasov,Medium,0,2024-01-09
C0043,29.0,F,Sibiu,Low,1,2024-01-05
C0044,35.0,F,Ploiesti,Medium,1,2022-10-25
C0045,46.0,M,Arad,Medium,1,2023-07-28
C0046,26.0,M,Bucuresti,Medium,0,2024-05-13
C0047,23.0,F,Galati,Medium,0,2023-05-02
C0048,26.0,F,Bucuresti,High,0,2024-06-28
C0049,41.0,M,Craiova,,0,2022-09-10
C0050,35.0,M,Sibiu,Medium,0,2022-05-06
C0051,26.0,F,Brasov,High,0,2024-05-11
C0052,37.0,F,Bucuresti,High,0,2024-04-01
C0053,32.0,M,Galati,Medium,1,2024-08-10
C0054,41.0,F,Bucuresti,High,0,2023-11-02
C0055,24.0,M,Bucuresti,Low,0,2024-06-21
C0056,28.0,M,Craiova,High,0,2024-03-14
C0057,28.0,,Timisoara,Medium,0,2024-03-29
C0058,18.0,M,Galati,Low,0,2023-07-26
C0059,34.0,F,Cluj-Napoca,Low,0,2023-02-08
C0060,34.0,M,Bucuresti,Medium,0,2024-06-19
C0061,32.0,F,Ploiesti,Low,0,2023-03-24
C0062,29.0,F,Iasi,Medium,0,2023-06-28
C0063,18.0,M,Bucuresti,Low,0,2023-04-06
C0064,27.0,F,Craiova,Low,1,2023-07-22
C0065,28.0,F,Iasi,Medium,0,2023-04-28
C0066,23.0,F,Constanta,Medium,0,2022-04-13
C0067,30.0,M,Timisoara,Medium,0,2024-05-02
C0068,,F,Ploiesti,Medium,0,2023-04-04
C0069,50.0,F,Ploiesti,High,0,2023-08-13
C0070,33.0,M,Craiova,Medium,0,2022-07-04
C0071,34.0,M,Bucuresti,Medium,1,2022-03-04
C0072,31.0,F,Ploiesti,Medium,0,2022-10-07
C0073,18.0,F,Brasov,Low,0,2023-11-25
C0074,31.0,M,Craiova,Low,1,2022-05-29
C0075,32.0,F,Bucuresti,Medium,1,2024-05-26
C0076,56.0,M,Galati,High,0,2022-09-10
C0077,30.0,F,Craiova,Low,0,2022-09-01
C0078,35.0,M,Bucuresti,Low,0,2022-08-11
C0079,31.0,F,Cluj-Napoca,Low,0,2022-03-13
C0080,20.0,M,Galati,High,0,2024-01-24
C0081,43.0,M,Bucuresti,Medium,0,2024-04-26
C0082,39.0,M,Arad,Low,1,2023-09-04
C0083,39.0,M,Brasov,Medium,0,2022-08-17
C0084,22.0,F,Brasov,Medium,0,2022-11-12
C0085,46.0,M,Bucuresti,Medium,0,2023-05-03
C0086,18.0,F,Bucuresti,Low,1,2024-07-06
C0087,37.0,M,Targu Mures,High,0,2022-10-09
C0088,53.0,M,Bucuresti,Medium,1,2023-12-19
C0089,22.0,M,Oradea,Medium,0,2023-03-31
C0090,26.0,M,Cluj-Napoca,Low,0,2022-11-24
C0091,32.0,M,Bucuresti,Medium,0,2023-04-15
C0092,26.0,M,Bucuresti,Medium,0,2022-05-04
C0093,18.0,F,Iasi,Medium,0,2024-02-17
C0094,32.0,,Arad,Low,0,2022-10-05
C0095,21.0,F,Bucuresti,Medium,0,2023-12-13
C0096,36.0,F,Bucuresti,Low,1,2022-05-01
C0097,22.0,M,Bucuresti,Medium,0,2024-07-07
C0098,47.0,F,Iasi,High,0,2022-08-21
C0099,24.0,F,Cluj-Napoca,Medium,0,2024-05-03
C0100,28.0,F,Galati,Medium,1,2024-02-27
C0101,,F,Timisoara,Medium,1,2024-07-19
C0102,19.0,M,Timisoara,Medium,0,2023-05-05
C0103,34.0,F,Bucuresti,High,0,2023-12-15
C0104,45.0,F,Baia Mare,Low,0,2023-01-28
C0105,18.0,F,Bucuresti,Medium,1,2022-08-13
C0106,33.0,F,Bucuresti,Medium,1,2023-04-03
C0107,34.0,M,Brasov,Medium,0,2022-07-28
C0108,39.0,M,Constanta,Medium,0,2024-07-31
C0109,19.0,F,Cluj-Napoca,Medium,0,2022-05-26
C0110,18.0,F,Cluj-Napoca,High,0,2023-08-13
C0111,37.0,M,Oradea,High,1,2023-09-15
C0112,34.0,M,Bucuresti,Medium,0,2023-06-28
C0113,34.0,M,Ploiesti,Medium,0,2023-10-17
C0114,35.0,M,Brasov,High,1,2022-06-13
C0115,25.0,F,Cluj-Napoca,Low,1,2023-07-13
C0116,,F,Timisoara,Low,0,2022-11-14
C0117,34.0,,Bucuresti,Medium,1,2024-06-24
C0118,24.0,M,Sibiu,High,0,2024-01-15
C0119,50.0,M,Iasi,High,1,2024-07-23
C0120,36.0,M,Bucuresti,Medium,1,2022-04-03
C0121,20.0,F,Constanta,Low,0,2022-11-12
C0122,38.0,F,Baia Mare,Medium,1,2022-08-23
C0123,22.0,F,Cluj-Napoca,Low,1,2022-03-11
C0124,39.0,M,Targu Mures,Low,0,2022-10-05
C0125,43.0,F,Bucuresti,Medium,0,2023-11-01
C0126,23.0,F,Bucuresti,Low,1,2022-09-24
C0127,,F,Bucuresti,High,0,2023-06-02
C0128,36.0,F,Cluj-Napoca,Medium,0,2024-05-08
C0129,40.0,M,Bucuresti,Medium,1,2023-11-15
C0130,50.0,M,Bucuresti,Low,1,2023-02-19
C0131,29.0,M,Pitesti,Medium,0,2023-01-30
C0132,24.0,M,Galati,Low,0,2023-04-15
C0133,23.0,M,Sibiu,High,0,2022-08-07
C0134,23.0,F,Bucuresti,High,0,2023-09-22
C0135,31.0,F,Bucuresti,Medium,0,2023-01-22
C0136,35.0,F,Bucuresti,Low,1,2024-04-06
C0137,34.0,M,Craiova,,0,2024-01-10
C0138,40.0,F,Targu Mures,Medium,0,2023-09-01
C0139,32.0,F,Cluj-Napoca,Low,0,2023-01-22
C0140,46.0,F,Bucuresti,,1,2022-09-05
C0141,29.0,F,Iasi,High,0,2024-01-28
C0142,59.0,F,Bucuresti,Low,0,2023-05-12
C0143,38.0,F,Bucuresti,Low,0,2022-09-19
C0144,23.0,M,Constanta,High,0,2022-08-23
C0145,21.0,,Craiova,Low,0,2022-07-27
C0146,36.0,M,Bucuresti,Low,0,2024-01-29
C0147,29.0,,Bucuresti,Medium,0,2022-09-23
C0148,39.0,M,Baia Mare,High,0,2023-06-17
C0149,36.0,F,Bucuresti,Medium,0,2023-04-11
C0150,31.0,F,Bucuresti,High,0,2023-08-04
C0151,23.0,F,Bucuresti,Medium,0,2024-04-28
C0152,,M,Bucuresti,Low,0,2024-04-19
C0153,27.0,F,Cluj-Napoca,High,0,2023-04-10
C0154,40.0,F,Ploiesti,Medium,0,2022-03-14
C0155,34.0,M,Bucuresti,Low,1,2023-03-19
C0156,19.0,F,Timisoara,Medium,0,2023-08-28
C0157,33.0,M,Brasov,Medium,0,2023-07-15
C0158,35.0,M,Iasi,Low,0,2023-10-08
C0159,23.0,F,Galati,Low,1,2022-07-17
C0160,33.0,M,Galati,Medium,1,2023-10-03
C0161,32.0,F,Bucuresti,High,0,2022-08-12
C0162,20.0,F,Oradea,Medium,0,2024-01-05
C0163,35.0,F,Timisoara,High,0,2022-12-31
C0164,37.0,M,Baia Mare,Low,0,2023-11-29
C0165,42.0,M,Timisoara,Low,0,2022-04-13
C0166,42.0,M,Baia Mare,Low,1,2023-03-03
C0167,18.0,F,Sibiu,Low,0,2023-11-25
C0168,22.0,M,Bucuresti,Low,1,2022-09-21
C0169,37.0,M,Iasi,Medium,0,2024-02-14
C0170,37.0,F,Baia Mare,High,1,2023-09-19
C0171,37.0,F,Galati,High,1,2023-08-11
C0172,70.0,,Bucuresti,Low,0,2023-01-13
C0173,37.0,F,Craiova,High,0,2023-05-09
C0174,43.0,F,Bucuresti,Medium,0,2023-08-20
C0175,41.0,M,Bucuresti,Low,0,2023-04-30
C0176,38.0,M,Cluj-Napoca,High,0,2023-11-19
C0177,28.0,F,Bucuresti,Medium,0,2023-03-26
C0178,39.0,F,Ploiesti,Low,0,2022-08-30
C0179,24.0,F,Bucuresti,Medium,1,2022-09-09
C0180,29.0,M,Ploiesti,Low,0,2022-03-06
C0181,27.0,M,Bucuresti,Medium,1,2022-11-26
C0182,32.0,M,Bucuresti,Medium,0,2024-01-04
C0183,55.0,M,Bucuresti,High,1,2024-02-13
C0184,18.0,M,Bucuresti,Low,0,2022-08-30
C0185,38.0,M,Bucuresti,Medium,0,2024-07-11
C0186,18.0,F,Bucuresti,Medium,1,2023-05-27
C0187,27.0,F,Iasi,Medium,0,2024-06-03
C0188,42.0,F,Bucuresti,Medium,1,2023-11-27
C0189,,F,Cluj-Napoca,Medium,0,2023-12-11
C0190,21.0,M,Cluj-Napoca,High,0,2022-05-16
C0191,24.0,F,Galati,High,0,2022-09-14
C0192,38.0,M,Pitesti,High,1,2022-03-08
C0193,24.0,F,Timisoara,High,0,2023-12-05
C0194,34.0,F,Bucuresti,Medium,1,2023-01-04
C0195,32.0,F,Bucuresti,High,1,2024-02-06
C0196,25.0,F,Arad,Medium,0,2022-12-31
C0197,53.0,F,Bucuresti,Medium,0,2024-03-07
C0198,38.0,M,Bucuresti,Medium,1,2022-06-26
C0199,18.0,M,Bucuresti,Medium,0,2022-08-04
C0200,33.0,F,Bucuresti,Low,0,2023-01-01
C0201,25.0,M,Bucuresti,High,0,2023-03-03
C0202,40.0,F,Oradea,Medium,0,2023-01-08
C0203,24.0,F,Bucuresti,Low,0,2024-01-17
C0204,30.0,M,Brasov,,0,2022-05-27
C0205,37.0,F,Bucuresti,Low,1,2023-01-11
C0206,40.0,F,Bucuresti,Low,0,2024-03-23
C0207,19.0,F,Pitesti,Low,0,2022-04-30
C0208,,F,Bucuresti,Medium,1,2024-06-26
C0209,,F,Ploiesti,Medium,1,2024-08-04
C0210,25.0,F,Iasi,Medium,1,2022-05-19
C0211,,F,Bucuresti,Medium,0,2022-11-18
C0212,36.0,M,Arad,Medium,1,2023-01-30
C0213,19.0,F,Bucuresti,Medium,0,2024-01-28
C0214,41.0,F,Galati,Medium,0,2023-08-19
C0215,53.0,M,Bucuresti,Medium,0,2023-10-01
C0216,42.0,F,Galati,Low,0,2024-01-11
C0217,18.0,F,Bucuresti,Low,1,2022-06-15
C0218,27.0,M,Iasi,Medium,0,2024-03-19
C0219,,F,Oradea,Medium,1,2023-11-26
C0220,24.0,F,Targu Mures,Low,1,2023-08-02
C0221,36.0,F,Pitesti,Low,0,2024-05-09
C0222,39.0,M,Ploiesti,High,0,2023-11-21
C0223,22.0,M,Pitesti,High,0,2022-08-29
C0224,31.0,M,Bucuresti,Medium,0,2023-03-22
C0225,18.0,F,Bucuresti,Medium,0,2023-05-19
C0226,21.0,M,Bucuresti,Medium,1,2022-04-19
C0227,29.0,F,Cluj-Napoca,High,0,2024-07-07
C0228,19.0,M,Cluj-Napoca,High,0,2022-06-24
C0229,48.0,M,Iasi,Low,1,2023-11-18
C0230,18.0,F,Bucuresti,High,0,2023-05-30
C0231,27.0,F,Craiova,Low,1,2022-03-24
C0232,33.0,M,Bucuresti,Low,0,2024-06-10
C0233,46.0,M,Bucuresti,Medium,0,2024-04-05
C0234,18.0,M,Timisoara,Medium,0,2023-06-15
C0235,43.0,,Oradea,High,0,2022-09-23
C0236,32.0,,Sibiu,,0,2022-06-18
C0237,22.0,M,Brasov,Medium,1,2023-01-22
C0238,36.0,M,Bucuresti,High,0,2022-10-16
C0239,33.0,M,Iasi,High,1,2023-05-31
C0240,25.0,F,Bucuresti,Low,0,2024-07-17
C0241,32.0,F,Cluj-Napoca,Medium,0,2023-07-31
C0242,28.0,M,Cluj-Napoca,Medium,0,2024-05-09
C0243,33.0,F,Bucuresti,Low,1,2023-10-07
C0244,38.0,M,Bucuresti,High,0,2023-05-02
C0245,47.0,M,Arad,High,0,2024-04-08
C0246,19.0,F,Arad,Low,1,2023-04-29
C0247,53.0,F,Bucuresti,Low,0,2024-04-20
C0248,18.0,F,Bucuresti,Low,1,2022-11-18
C0249,30.0,F,Bucuresti,High,0,2022-06-24
C0250,37.0,M,Cluj-Napoca,Low,1,2024-04-08
C0251,34.0,,Arad,,1,2023-08-11
C0252,25.0,M,Bucuresti,Medium,1,2024-05-09
C0253,29.0,F,Oradea,Medium,0,2024-06-22
C0254,27.0,M,Bucuresti,Low,0,2022-04-18
C0255,26.0,F,Baia Mare,Low,1,2023-05-25
C0256,40.0,M,Cluj-Napoca,High,0,2023-02-01
C0257,35.0,M,Oradea,High,0,2023-09-15
C0258,25.0,F,Bucuresti,Medium,1,2024-02-13
C0259,40.0,M,Constanta,Low,0,2022-11-08
C0260,35.0,F,Bucuresti,Medium,0,2023-07-15
C0261,40.0,M,Bucuresti,Medium,0,2023-11-28
C0262,38.0,M,Targu Mures,Low,0,2022-06-29
C0263,23.0,M,Pitesti,,0,2024-03-02
C0264,26.0,M,Pitesti,Medium,1,2023-08-28
C0265,39.0,F,Constanta,Low,0,2024-07-02
C0266,38.0,M,Ploiesti,High,1,2022-12-31
C0267,,F,Bucuresti,High,1,2022-06-06
C0268,33.0,F,Bucuresti,Low,1,2023-05-30
C0269,44.0,M,Bucuresti,Medium,0,2022-05-17
C0270,,F,Brasov,Medium,1,2024-07-20
C0271,37.0,F,Bucuresti,Medium,0,2022-04-04
C0272,29.0,F,Bucuresti,Low,0,2024-01-08
C0273,29.0,M,Constanta,Medium,1,2023-06-16
C0274,42.0,M,Ploiesti,High,0,2023-01-26
C0275,40.0,F,Cluj-Napoca,Medium,1,2022-04-29
C0276,40.0,F,Bucuresti,Low,0,2023-09-11
C0277,45.0,F,Bucuresti,Medium,1,2023-08-09
C0278,32.0,M,Bucuresti,Medium,0,2022-11-08
C0279,38.0,F,Bucuresti,High,1,2024-05-28
C0280,,F,Brasov,Medium,0,2022-11-29
C0281,35.0,F,Constanta,Low,0,2023-04-09
C0282,30.0,M,Craiova,Low,0,2023-07-03
C0283,32.0,F,Bucuresti,Medium,0,2022-05-30
C0284,37.0,M,Ploiesti,Low,0,2024-06-16
C0285,23.0,M,Bucuresti,Medium,0,2023-02-01
C0286,52.0,F,Timisoara,Low,0,2022-05-12
C0287,21.0,M,Oradea,Medium,0,2023-02-12
C0288,19.0,M,Bucuresti,Medium,0,2023-08-23
C0289,43.0,M,Bucuresti,High,1,2023-06-06
C0290,39.0,F,Galati,High,1,2023-11-16
C0291,38.0,F,Bucuresti,Low,1,2022-04-19
C0292,38.0,M,Craiova,Medium,1,2022-11-12
C0293,31.0,F,Bucuresti,Low,0,2024-03-07
C0294,23.0,F,Craiova,Medium,0,2022-05-11
C0295,32.0,M,Bucuresti,Medium,0,2024-04-08
C0296,25.0,F,Bucuresti,High,1,2022-05-22
C0297,41.0,F,Constanta,High,1,2024-03-21
C0298,30.0,F,Bucuresti,Medium,0,2023-01-19
C0299,23.0,M,Cluj-Napoca,Medium,0,2023-09-02
C0300,28.0,F,Bucuresti,High,0,2022-07-16
C0301,36.0,F,Bucuresti,High,0,2022-04-29
C0302,26.0,M,Bucuresti,Low,0,2022-09-11
C0303,23.0,M,Bucuresti,Medium,0,2022-06-24
C0304,34.0,M,Pitesti,Medium,1,2022-12-07
C0305,34.0,M,Bucuresti,Low,0,2023-06-06
C0306,26.0,F,Timisoara,Low,1,2023-08-12
C0307,27.0,M,Bucuresti,Low,1,2024-02-09
C0308,34.0,M,Bucuresti,Medium,1,2023-10-12
C0309,18.0,F,Targu Mures,Low,1,2023-08-30
C0310,,M,Bucuresti,Low,1,2023-03-06
C0311,24.0,F,Arad,Low,1,2023-05-01
C0312,29.0,M,Bucuresti,High,1,2023-03-09
C0313,35.0,,Sibiu,High,0,2024-03-27
C0314,46.0,M,Iasi,Medium,1,2022-09-24
C0315,40.0,M,Galati,Medium,1,2022-03-06
C0316,30.0,M,Iasi,High,1,2023-10-08
C0317,31.0,F,Iasi,Low,1,2022-08-30
C0318,21.0,F,Bucuresti,Low,0,2024-05-10
C0319,,M,Bucuresti,Low,0,2024-04-12
C0320,29.0,F,Pitesti,Low,0,2022-05-09
C0321,35.0,F,Bucuresti,Medium,0,2022-06-04
C0322,23.0,F,Bucuresti,High,1,2023-05-20
C0323,,M,Sibiu,Medium,0,2023-08-31
C0324,47.0,M,Bucuresti,Medium,0,2022-11-03
C0325,30.0,M,Arad,High,0,2023-12-06
C0326,36.0,F,Sibiu,Low,0,2023-08-18
C0327,38.0,F,Constanta,Low,1,2022-12-18
C0328,27.0,M,Galati,Medium,1,2022-03-23
C0329,34.0,M,Bucuresti,Medium,0,2024-01-05
C0330,32.0,,Bucuresti,Low,0,2022-09-10
C0331,32.0,F,Timisoara,Medium,0,2024-03-21
C0332,24.0,F,Bucuresti,Medium,0,2023-03-14
C0333,32.0,F,Sibiu,Medium,0,2023-08-02
C0334,36.0,M,Targu Mures,Medium,1,2024-04-24
C0335,46.0,F,Cluj-Napoca,Medium,0,2024-04-16
C0336,41.0,F,Bucuresti,Low,0,2023-01-29
C0337,53.0,M,Arad,Medium,0,2022-09-05
C0338,24.0,F,Timisoara,Low,1,2024-01-27
C0339,40.0,F,Timisoara,High,1,2023-03-25
C0340,33.0,M,Bucuresti,Medium,1,2022-08-20
C0341,53.0,F,Pitesti,Medium,0,2024-05-22
C0342,23.0,F,Iasi,Medium,1,2022-08-26
C0343,23.0,F,Oradea,Medium,0,2022-03-24
C0344,26.0,M,Ploiesti,Medium,0,2022-03-19
C0345,18.0,M,Bucuresti,High,0,2023-09-12
C0346,26.0,F,Cluj-Napoca,High,0,2023-10-17
C0347,24.0,M,Galati,Medium,1,2022-12-05
C0348,33.0,F,Bucuresti,Low,1,2022-12-14
C0349,35.0,F,Oradea,Medium,0,2022-12-31
C0350,50.0,M,Targu Mures,Medium,1,2023-11-03
C0351,41.0,F,Constanta,Low,1,2022-04-22
C0352,26.0,F,Sibiu,Low,1,2024-06-14
C0353,23.0,M,Ploiesti,High,0,2022-09-17
C0354,36.0,F,Galati,Low,0,2024-08-16
C0355,18.0,F,Cluj-Napoca,Medium,0,2022-08-02
C0356,50.0,F,Bucuresti,Medium,1,2024-01-24
C0357,43.0,F,Cluj-Napoca,Medium,0,2022-09-18
C0358,27.0,F,Brasov,Low,0,2022-05-12
C0359,18.0,F,Timisoara,High,0,2024-04-26
C0360,45.0,F,Sibiu,Medium,0,2024-04-11
C0361,30.0,F,Bucuresti,Medium,1,2023-02-27
C0362,44.0,F,Brasov,Medium,1,2023-11-23
C0363,18.0,M,Bucuresti,Medium,1,2023-07-15
C0364,26.0,F,Sibiu,High,1,2024-04-06
C0365,32.0,,Iasi,Medium,0,2022-12-09
C0366,32.0,M,Bucuresti,Medium,0,2023-06-15
C0367,27.0,M,Bucuresti,High,0,2023-05-11
C0368,38.0,F,Sibiu,Medium,0,2023-01-13
C0369,21.0,F,Timisoara,Low,0,2024-05-11
C0370,,F,Bucuresti,Low,1,2022-07-28
C0371,33.0,F,Arad,High,0,2022-07-13
C0372,37.0,F,Craiova,Medium,1,2023-08-02
C0373,39.0,F,Arad,Medium,0,2023-10-13
C0374,20.0,F,Cluj-Napoca,Medium,0,2022-08-23
C0375,18.0,M,Timisoara,Low,0,2023-02-15
C0376,44.0,M,Pitesti,Medium,0,2024-06-29
C0377,,F,Iasi,Low,0,2022-10-08
C0378,24.0,F,Craiova,Medium,0,2023-10-23
C0379,47.0,,Bucuresti,Medium,0,2023-12-27
C0380,33.0,M,Timisoara,Medium,0,2023-04-08
C0381,43.0,F,Bucuresti,Medium,0,2024-06-21
C0382,32.0,M,Bucuresti,High,1,2023-12-23
C0383,52.0,F,Bucuresti,Medium,1,2023-04-17
C0384,49.0,F,Bucuresti,Low,0,2023-07-26
C0385,29.0,M,Baia Mare,Low,1,2023-11-14
C0386,,,Bucuresti,Medium,1,2023-08-15
C0387,38.0,F,Brasov,High,1,2024-04-29
C0388,45.0,F,Ploiesti,High,0,2023-01-16
C0389,22.0,F,Iasi,High,0,2022-11-25
C0390,38.0,F,Bucuresti,Medium,1,2022-09-09
C0391,42.0,M,Craiova,Medium,0,2022-04-04
C0392,18.0,F,Constanta,Medium,1,2022-04-08
C0393,20.0,F,Sibiu,Low,1,2024-04-22
C0394,18.0,F,Oradea,Low,0,2023-11-01
C0395,29.0,M,Arad,High,0,2023-10-16
C0396,39.0,F,Constanta,Low,0,2023-09-05
C0397,47.0,F,Bucuresti,Low,0,2024-04-03
C0398,32.0,M,Brasov,Low,0,2023-05-07
C0399,48.0,M,Bucuresti,High,0,2024-04-22
C0400,18.0,F,Pitesti,Medium,0,2023-01-18
C0401,18.0,M,Bucuresti,Medium,0,2024-06-12
C0402,31.0,M,Bucuresti,High,1,2023-11-19
C0403,35.0,M,Ploiesti,Medium,0,2022-10-18
C0404,31.0,F,Constanta,,1,2023-07-21
C0405,18.0,F,Cluj-Napoca,Low,1,2023-06-23
C0406,31.0,F,Timisoara,Low,0,2022-07-03
C0407,18.0,M,Galati,High,1,2023-08-15
C0408,38.0,F,Bucuresti,Medium,0,2022-12-09
C0409,35.0,F,Galati,Medium,1,2022-04-17
C0410,22.0,F,Bucuresti,Medium,0,2024-07-01
C0411,26.0,F,Oradea,Medium,0,2023-09-29
C0412,21.0,M,Galati,Low,0,2024-04-28
C0413,,F,Bucuresti,Low,0,2023-10-30
C0414,41.0,M,Cluj-Napoca,Low,0,2023-01-16
C0415,22.0,F,Bucuresti,Low,0,2023-06-05
C0416,,M,Craiova,High,0,2023-10-30
C0417,26.0,M,Iasi,Low,0,2024-07-12
C0418,24.0,M,Brasov,Low,0,2022-10-15
C0419,30.0,F,Bucuresti,Medium,0,2024-04-26
C0420,21.0,M,Bucuresti,High,0,2024-06-09
C0421,26.0,F,Bucuresti,Low,0,2023-10-25
C0422,20.0,,Bucuresti,Low,1,2024-06-16
C0423,51.0,M,Iasi,Medium,0,2023-02-22
C0424,32.0,F,Galati,Medium,1,2024-07-05
C0425,25.0,M,Brasov,Medium,0,2023-11-23
C0426,34.0,M,Cluj-Napoca,High,1,2022-04-07
C0427,30.0,F,Arad,High,0,2024-05-25
C0428,29.0,M,Craiova,Medium,0,2023-05-11
C0429,38.0,M,Targu Mures,Medium,0,2023-04-19
C0430,39.0,M,Iasi,Medium,0,2023-07-23
C0431,26.0,F,Bucuresti,Low,0,2022-07-13
C0432,26.0,F,Bucuresti,High,0,2023-04-27
C0433,29.0,F,Craiova,Medium,1,2024-03-18
C0434,18.0,F,Bucuresti,Low,0,2022-03-14
C0435,18.0,M,Bucuresti,Medium,0,2022-11-01
C0436,45.0,M,Iasi,Low,1,2022-03-03
C0437,48.0,F,Iasi,Medium,0,2023-03-10
C0438,29.0,,Constanta,Medium,1,2023-12-16
C0439,37.0,M,Bucuresti,Medium,0,2024-02-17
C0440,35.0,M,Cluj-Napoca,High,1,2024-06-28
C0441,62.0,M,Constanta,Low,0,2023-08-30
C0442,43.0,F,Arad,Medium,1,2022-10-16
C0443,30.0,M,Craiova,,1,2024-06-09
C0444,22.0,F,Targu Mures,Medium,0,2024-01-27
C0445,18.0,M,Oradea,Medium,0,2023-07-30
C0446,34.0,F,Constanta,Medium,0,2023-11-17
C0447,24.0,M,Bucuresti,Medium,1,2024-06-09
C0448,18.0,M,Brasov,Low,0,2023-12-02
C0449,,F,Constanta,High,0,2023-01-26
C0450,21.0,F,Constanta,Medium,0,2023-12-02
C0451,48.0,M,Timisoara,Medium,0,2022-04-06
C0452,40.0,M,Iasi,Low,0,2023-02-11
C0453,31.0,M,Bucuresti,Low,1,2023-03-01
C0454,46.0,M,Iasi,Medium,0,2022-07-29
C0455,32.0,M,Bucuresti,High,1,2022-03-21
C0456,23.0,F,Ploiesti,Medium,0,2022-06-29
C0457,47.0,M,Bucuresti,High,0,2023-10-11
C0458,37.0,M,Bucuresti,Medium,0,2024-02-21
C0459,21.0,,Cluj-Napoca,Medium,0,2024-08-06
C0460,30.0,F,Brasov,Low,1,2023-01-06
C0461,23.0,F,Cluj-Napoca,High,1,2023-08-22
C0462,18.0,M,Bucuresti,Low,0,2024-06-21
C0463,41.0,M,Iasi,High,0,2022-07-29
C0464,51.0,F,Bucuresti,High,0,2023-12-06
C0465,18.0,M,Targu Mures,High,1,2024-01-09
C0466,37.0,M,Targu Mures,Medium,1,2022-05-20
C0467,25.0,F,Timisoara,Medium,1,2024-04-14
C0468,27.0,F,Bucuresti,Medium,0,2024-03-01
C0469,26.0,F,Sibiu,Low,0,2022-03-31
C0470,23.0,M,Bucuresti,Medium,0,2022-05-21
C0471,32.0,M,Timisoara,Low,0,2022-04-14
C0472,23.0,F,Bucuresti,Medium,0,2022-12-27
C0473,34.0,M,Targu Mures,Low,0,2023-06-02
C0474,31.0,F,Bucuresti,Low,0,2023-06-23
C0475,29.0,F,Iasi,Medium,1,2022-10-27
C0476,22.0,F,Sibiu,Medium,1,2024-05-29
C0477,26.0,M,Timisoara,Medium,0,2023-01-26
C0478,39.0,M,Bucuresti,Low,0,2022-04-10
C0479,37.0,F,Arad,Medium,0,2022-11-26
C0480,22.0,F,Iasi,Low,1,2023-06-21
C0481,32.0,F,Constanta,Medium,1,2023-03-03
C0482,39.0,M,Bucuresti,Medium,1,2022-11-02
C0483,18.0,M,Timisoara,Medium,1,2022-06-27
C0484,37.0,F,Cluj-Napoca,Medium,0,2024-03-07
C0485,25.0,F,Bucuresti,Medium,0,2024-08-13
C0486,37.0,F,Bucuresti,Medium,0,2022-12-22
C0487,,M,Ploiesti,Medium,0,2023-02-07
C0488,18.0,F,Bucuresti,Medium,1,2023-09-08
C0489,18.0,F,Bucuresti,Medium,0,2023-12-07
C0490,,F,Timisoara,Low,0,2023-02-16
C0491,34.0,M,Oradea,Medium,0,2024-05-23
C0492,22.0,M,Bucuresti,Medium,1,2023-07-18
C0493,38.0,,Constanta,Medium,0,2023-04-10
C0494,18.0,M,Bucuresti,Low,1,2023-10-04
C0495,31.0,F,Bucuresti,Low,0,2024-07-05
C0496,19.0,F,Bucuresti,High,0,2024-02-14
C0497,25.0,M,Ploiesti,Medium,0,2022-04-06
C0498,32.0,F,Bucuresti,Low,1,2022-12-25
C0499,23.0,M,Bucuresti,Medium,0,2023-04-28
C0500,28.0,F,Cluj-Napoca,Medium,1,2022-12-09
C0501,42.0,F,Galati,High,0,2023-11-21
C0502,26.0,M,Bucuresti,Low,0,2024-03-13
C0503,40.0,M,Cluj-Napoca,Low,1,2023-12-19
C0504,20.0,M,Bucuresti,High,0,2024-08-07
C0505,37.0,M,Timisoara,Low,0,2022-11-01
C0506,46.0,F,Constanta,,1,2024-04-26
C0507,18.0,F,Constanta,High,0,2024-01-19
C0508,24.0,M,Bucuresti,Medium,1,2023-01-20
C0509,37.0,M,Bucuresti,Low,0,2023-12-21
C0510,29.0,,Bucuresti,Low,0,2022-06-02
C0511,35.0,F,Bucuresti,Low,0,2024-02-09
C0512,25.0,M,Bucuresti,Low,1,2023-06-23
C0513,32.0,F,Oradea,High,0,2022-11-19
C0514,30.0,F,Arad,Medium,1,2023-10-12
C0515,43.0,F,Arad,Medium,1,2023-09-29
C0516,34.0,M,Galati,High,0,2022-09-05
C0517,35.0,F,Constanta,Medium,0,2022-03-28
C0518,27.0,M,Craiova,Low,0,2023-03-26
C0519,27.0,M,Bucuresti,Medium,0,2023-07-26
C0520,27.0,F,Brasov,High,0,2024-04-27
C0521,35.0,F,Timisoara,High,1,2024-06-13
C0522,27.0,M,Timisoara,Low,1,2023-06-19
C0523,34.0,M,Sibiu,Medium,1,2024-01-08
C0524,52.0,M,Bucuresti,Medium,1,2023-03-31
C0525,40.0,M,Bucuresti,High,1,2024-01-01
C0526,28.0,M,Targu Mures,Low,0,2022-09-01
C0527,44.0,M,Bucuresti,Medium,1,2023-01-28
C0528,27.0,F,Timisoara,High,1,2023-09-22
C0529,18.0,F,Pitesti,Medium,0,2022-03-17
C0530,21.0,F,Constanta,Medium,1,2023-12-11
C0531,18.0,F,Iasi,Low,0,2024-03-21
C0532,,M,Bucuresti,Low,1,2023-02-23
C0533,32.0,F,Bucuresti,Medium,1,2023-04-08
C0534,48.0,F,Galati,High,1,2024-04-05
C0535,,F,Iasi,Low,0,2024-01-28
C0536,29.0,F,Iasi,Medium,1,2022-11-15
C0537,40.0,F,Bucuresti,Medium,0,2022-12-17
C0538,18.0,F,Bucuresti,Low,0,2023-11-01
C0539,,M,Arad,Medium,1,2023-07-20
C0540,39.0,F,Cluj-Napoca,Medium,0,2022-07-25
C0541,18.0,F,Constanta,High,1,2022-12-04
C0542,43.0,F,Bucuresti,Medium,0,2024-05-18
C0543,35.0,F,Craiova,Medium,0,2023-11-10
C0544,27.0,M,Targu Mures,Low,1,2024-08-04
C0545,38.0,M,Constanta,High,0,2024-01-20
C0546,54.0,F,Bucuresti,Low,0,2024-06-25
C0547,33.0,F,Constanta,Medium,1,2022-09-11
C0548,34.0,F,Oradea,Low,0,2024-01-24
C0549,27.0,M,Cluj-Napoca,High,1,2022-03-19
C0550,23.0,M,Galati,Medium,0,2023-10-25
C0551,40.0,F,Brasov,Medium,0,2023-04-27
C0552,23.0,F,Pitesti,Low,0,2023-01-07
C0553,32.0,F,Constanta,Medium,0,2024-04-15
C0554,27.0,F,Bucuresti,Medium,0,2024-04-07
C0555,36.0,F,Bucuresti,Medium,0,2022-03-21
C0556,35.0,M,Bucuresti,Low,0,2023-08-31
C0557,42.0,F,Pitesti,High,0,2023-01-26
C0558,26.0,M,Sibiu,High,0,2023-03-10
C0559,29.0,,Brasov,Low,0,2024-03-18
C0560,22.0,F,Bucuresti,High,0,2022-12-04
C0561,27.0,F,Bucuresti,Medium,1,2024-06-26
C0562,35.0,M,Sibiu,Medium,1,2022-08-09
C0563,39.0,F,Timisoara,Medium,1,2023-10-18
C0564,22.0,,Bucuresti,Medium,0,2023-10-26
C0565,40.0,M,Constanta,Medium,1,2022-10-13
C0566,45.0,M,Bucuresti,Medium,1,2022-12-18
C0567,36.0,M,Bucuresti,Medium,1,2024-03-21
C0568,50.0,F,Timisoara,Medium,0,2024-01-15
C0569,24.0,M,Bucuresti,Medium,1,2022-12-22
C0570,19.0,F,Baia Mare,Low,1,2023-06-24
C0571,18.0,F,Bucuresti,High,1,2022-04-25
C0572,46.0,M,Bucuresti,Medium,0,2022-09-04
C0573,38.0,F,Bucuresti,Low,0,2023-05-12
C0574,,M,Oradea,Low,0,2022-05-17
C0575,34.0,F,Cluj-Napoca,Medium,0,2024-03-28
C0576,20.0,M,Iasi,High,1,2023-12-07
C0577,56.0,M,Bucuresti,Medium,0,2024-06-27
C0578,33.0,M,Bucuresti,Medium,0,2023-11-15
C0579,33.0,M,Timisoara,Low,0,2024-06-24
C0580,39.0,M,Ploiesti,Medium,0,2023-07-13
C0581,36.0,F,Galati,High,0,2023-08-23
C0582,34.0,F,Bucuresti,Medium,1,2024-07-27
C0583,24.0,F,Iasi,Low,0,2023-09-29
C0584,36.0,F,Pitesti,Medium,0,2022-03-28
C0585,50.0,M,Cluj-Napoca,Low,0,2023-12-12
C0586,45.0,M,Ploiesti,Medium,0,2024-05-23
C0587,47.0,M,Bucuresti,Medium,0,2024-02-15
C0588,26.0,M,Targu Mures,Medium,1,2023-08-08
C0589,22.0,F,Sibiu,Low,1,2023-10-26
C0590,30.0,F,Targu Mures,High,1,2024-08-08
C0591,32.0,M,Brasov,Medium,1,2022-05-21
C0592,42.0,M,Bucuresti,Medium,0,2023-10-22
C0593,18.0,F,Targu Mures,Medium,1,2022-11-11
C0594,47.0,F,Bucuresti,Medium,1,2023-09-28
C0595,30.0,M,Bucuresti,,1,2023-08-29
C0596,27.0,F,Craiova,Medium,0,2022-07-17
C0597,21.0,F,Oradea,Medium,1,2022-09-03
C0598,18.0,M,Targu Mures,Low,1,2023-09-11
C0599,40.0,M,Bucuresti,High,1,2022-06-24
C0600,32.0,F,Oradea,Medium,0,2022-10-25
C0601,19.0,F,Sibiu,Low,1,2024-03-21
C0602,19.0,F,Bucuresti,Medium,1,2022-12-20
C0603,28.0,M,Cluj-Napoca,High,1,2023-05-14
C0604,48.0,M,Bucuresti,High,0,2024-06-25
C0605,29.0,F,Bucuresti,Medium,1,2022-09-21
C0606,18.0,F,Baia Mare,Low,0,2023-02-14
C0607,29.0,M,Brasov,Medium,0,2023-08-28
C0608,29.0,F,Craiova,Low,0,2024-01-09
C0609,18.0,F,Baia Mare,High,1,2024-05-20
C0610,31.0,F,Cluj-Napoca,Low,0,2024-06-01
C0611,29.0,F,Ploiesti,Low,0,2024-01-28
C0612,38.0,F,Cluj-Napoca,Medium,1,2022-09-22
C0613,50.0,M,Galati,Medium,1,2022-03-23
C0614,43.0,F,Bucuresti,Medium,0,2023-02-09
C0615,29.0,M,Arad,Medium,1,2022-07-06
C0616,20.0,F,Bucuresti,Low,1,2023-11-30
C0617,57.0,M,Bucuresti,Low,0,2023-10-17
C0618,32.0,F,Sibiu,Medium,0,2022-04-09
C0619,32.0,M,Cluj-Napoca,Low,0,2024-03-22
C0620,31.0,M,Constanta,Medium,0,2022-10-10
C0621,33.0,M,Timisoara,Medium,0,2023-03-25
C0622,30.0,M,Sibiu,Medium,1,2023-10-23
C0623,26.0,F,Bucuresti,High,1,2023-03-22
C0624,26.0,F,Bucuresti,High,0,2023-04-02
C0625,31.0,F,Bucuresti,High,0,2022-04-29
C0626,26.0,M,Timisoara,Low,0,2023-02-25
C0627,24.0,M,Bucuresti,Low,0,2024-01-18
C0628,33.0,M,Bucuresti,Medium,0,2024-06-01
C0629,29.0,M,Cluj-Napoca,High,1,2023-03-08
C0630,47.0,F,Bucuresti,High,1,2023-03-17
C0631,18.0,M,Constanta,High,0,2023-11-23
C0632,42.0,M,Galati,Low,1,2024-06-26
C0633,44.0,M,Bucuresti,High,0,2022-10-27
C0634,18.0,M,Constanta,Medium,1,2023-04-01
C0635,28.0,F,Brasov,Low,0,2024-02-15
C0636,28.0,F,Cluj-Napoca,Medium,0,2023-08-31
C0637,18.0,M,Craiova,Low,1,2022-06-08
C0638,24.0,M,Cluj-Napoca,Medium,0,2023-09-16
C0639,20.0,M,Timisoara,Medium,1,2022-08-16
C0640,49.0,M,Bucuresti,Medium,0,2023-06-03
C0641,41.0,M,Craiova,Medium,0,2023-06-20
C0642,44.0,F,Brasov,High,0,2024-04-27
C0643,39.0,F,Bucuresti,Medium,0,2023-04-21
C0644,20.0,F,Bucuresti,Medium,1,2022-11-07
C0645,26.0,M,Baia Mare,High,0,2022-09-24
C0646,36.0,M,Cluj-Napoca,High,1,2024-04-25
C0647,19.0,F,Timisoara,Low,1,2022-08-01
C0648,39.0,F,Pitesti,Medium,1,2023-03-19
C0649,29.0,F,Craiova,Low,0,2022-08-16
C0650,28.0,M,Constanta,Low,1,2024-01-25
C0651,39.0,F,Oradea,Medium,0,2023-05-01
C0652,36.0,M,Galati,High,0,2023-01-11
C0653,28.0,F,Timisoara,,0,2023-01-19
C0654,43.0,F,Timisoara,High,0,2024-04-05
C0655,21.0,F,Cluj-Napoca,High,0,2023-07-12
C0656,38.0,M,Arad,High,1,2023-12-07
C0657,37.0,F,Craiova,Low,0,2024-05-16
C0658,28.0,M,Bucuresti,High,0,2024-05-20
C0659,35.0,,Galati,Medium,1,2022-12-21
C0660,19.0,M,Timisoara,Medium,0,2024-07-05
C0661,41.0,F,Bucuresti,Low,0,2022-03-23
C0662,30.0,M,Iasi,Low,0,2023-02-03
C0663,26.0,M,Cluj-Napoca,Medium,1,2024-05-15
C0664,42.0,F,Galati,Medium,0,2022-11-03
C0665,24.0,M,Bucuresti,Low,0,2022-11-01
C0666,18.0,F,Ploiesti,Low,0,2022-11-28
C0667,18.0,M,Iasi,Medium,1,2023-09-03
C0668,38.0,M,Bucuresti,Low,1,2023-03-30
C0669,19.0,F,Arad,High,1,2023-12-15
C0670,49.0,M,Iasi,Low,0,2024-05-14
C0671,18.0,F,Bucuresti,Low,0,2023-10-28
C0672,48.0,F,Timisoara,Medium,0,2022-09-01
C0673,34.0,F,Galati,Medium,0,2024-06-17
C0674,31.0,F,Bucuresti,Medium,0,2022-10-25
C0675,26.0,M,Bucuresti,Medium,0,2022-07-13
C0676,35.0,M,Bucuresti,High,0,2022-05-20
C0677,31.0,F,Bucuresti,Medium,1,2023-07-21
C0678,43.0,F,Oradea,Low,0,2022-06-11
C0679,33.0,F,Timisoara,Medium,1,2022-07-03
C0680,33.0,F,Bucuresti,High,0,2022-11-26
C0681,28.0,F,Bucuresti,Medium,0,2022-11-09
C0682,31.0,F,Bucuresti,Low,0,2023-08-26
C0683,35.0,M,Targu Mures,Medium,0,2024-03-05
C0684,18.0,F,Bucuresti,Medium,0,2024-01-15
C0685,18.0,F,Baia Mare,Medium,0,2022-10-23
C0686,39.0,M,Timisoara,Low,1,2022-10-07
C0687,33.0,F,Bucuresti,Low,1,2024-07-17
C0688,30.0,F,Pitesti,Medium,0,2022-03-08
C0689,32.0,F,Timisoara,Low,1,2024-04-30
C0690,35.0,M,Craiova,Medium,1,2022-08-27
C0691,26.0,M,Baia Mare,Medium,1,2024-06-30
C0692,24.0,F,Bucuresti,Low,1,2023-01-03
C0693,33.0,F,Bucuresti,High,0,2023-04-01
C0694,22.0,M,Craiova,High,0,2023-11-27
C0695,36.0,M,Bucuresti,Medium,0,2023-08-11
C0696,18.0,F,Bucuresti,Low,0,2022-12-12
C0697,42.0,M,Bucuresti,Low,0,2023-07-12
C0698,36.0,F,Bucuresti,Medium,0,2023-12-18
C0699,34.0,F,Oradea,Low,1,2022-04-08
C0700,41.0,M,Bucuresti,High,1,2022-03-11
C0701,48.0,F,Timisoara,Low,1,2023-04-17
C0702,42.0,M,Constanta,Medium,1,2022-06-27
C0703,18.0,M,Cluj-Napoca,Medium,1,2023-10-19
C0704,19.0,F,Bucuresti,Medium,0,2022-09-09
C0705,25.0,M,Oradea,Low,0,2023-03-25
C0706,32.0,F,Bucuresti,Medium,0,2022-08-25
C0707,37.0,F,Oradea,Low,1,2023-07-07
C0708,24.0,M,Pitesti,High,0,2022-06-13
C0709,33.0,M,Cluj-Napoca,Low,1,2022-03-21
C0710,24.0,M,Iasi,High,0,2022-04-16
C0711,25.0,M,Timisoara,High,0,2024-07-06
C0712,18.0,M,Cluj-Napoca,Low,1,2022-07-07
C0713,22.0,M,Pitesti,Medium,0,2023-11-28
C0714,18.0,F,Pitesti,Low,0,2022-05-01
C0715,22.0,F,Bucuresti,High,0,2022-06-06
C0716,42.0,F,Constanta,Medium,0,2023-06-01
C0717,22.0,F,Targu Mures,Medium,1,2023-04-23
C0718,58.0,M,Arad,Medium,0,2024-07-04
C0719,36.0,M,Iasi,Low,0,2024-06-28
C0720,33.0,F,Timisoara,High,0,2024-01-31
C0721,23.0,F,Bucuresti,Low,1,2023-08-24
C0722,39.0,M,Arad,Medium,0,2023-04-14
C0723,26.0,F,Bucuresti,Medium,1,2023-01-15
C0724,33.0,F,Constanta,High,1,2024-06-30
C0725,57.0,F,Bucuresti,Low,0,2023-08-25
C0726,31.0,M,Bucuresti,Medium,1,2023-08-04
C0727,43.0,F,Cluj-Napoca,Medium,1,2022-09-25
C0728,24.0,F,Baia Mare,Medium,0,2022-04-12
C0729,31.0,F,Bucuresti,Low,0,2024-06-28
C0730,49.0,F,Constanta,Low,1,2022-12-08
C0731,25.0,F,Bucuresti,Low,1,2023-04-03
C0732,50.0,F,Bucuresti,Medium,0,2022-06-12
C0733,39.0,M,Cluj-Napoca,Low,0,2024-03-23
C0734,26.0,F,Iasi,Medium,1,2022-03-25
C0735,38.0,F,Bucuresti,Low,1,2024-03-20
C0736,41.0,F,Bucuresti,High,1,2022-07-05
C0737,38.0,M,Bucuresti,High,0,2024-05-06
C0738,18.0,M,Bucuresti,Medium,1,2023-12-17
C0739,24.0,F,Arad,Medium,0,2022-07-27
C0740,29.0,F,Targu Mures,Low,0,2023-07-23
C0741,31.0,F,Bucuresti,Low,1,2022-12-07
C0742,38.0,F,Constanta,Low,1,2022-08-08
C0743,33.0,F,Pitesti,Medium,0,2024-04-12
C0744,18.0,F,Bucuresti,Medium,0,2023-02-27
C0745,35.0,,Ploiesti,High,1,2023-02-22
C0746,38.0,F,Arad,Medium,0,2022-07-31
C0747,37.0,F,Bucuresti,Medium,1,2023-02-08
C0748,42.0,M,Bucuresti,Medium,1,2024-04-23
C0749,40.0,F,Arad,Medium,0,2023-01-21
C0750,36.0,F,Iasi,Low,1,2024-07-04
C0751,31.0,M,Bucuresti,Medium,1,2024-06-29
C0752,,M,Bucuresti,Medium,1,2022-07-09
C0753,36.0,M,Timisoara,Medium,1,2022-08-07
C0754,34.0,M,Craiova,High,1,2024-04-15
C0755,34.0,M,Sibiu,Medium,0,2023-02-17
C0756,19.0,,Baia Mare,Low,0,2022-03-04
C0757,21.0,F,Bucuresti,Medium,1,2022-11-02
C0758,42.0,F,Iasi,Medium,0,2023-08-20
C0759,,M,Iasi,Low,0,2024-02-18
C0760,38.0,M,Cluj-Napoca,Medium,1,2022-06-29
C0761,32.0,F,Bucuresti,High,1,2022-06-08
C0762,32.0,M,Baia Mare,High,0,2024-06-07
C0763,41.0,F,Galati,Low,1,2024-01-06
C0764,26.0,F,Timisoara,High,1,2023-08-13
C0765,32.0,F,Constanta,Medium,0,2024-01-22
C0766,27.0,,Bucuresti,Medium,1,2023-03-21
C0767,27.0,F,Iasi,Medium,0,2024-01-12
C0768,28.0,M,Craiova,High,0,2023-01-29
C0769,34.0,F,Iasi,Medium,0,2022-10-06
C0770,27.0,F,Baia Mare,Medium,0,2023-12-17
C0771,44.0,M,Constanta,Medium,0,2023-03-13
C0772,23.0,M,Bucuresti,Medium,1,2024-07-31
C0773,30.0,M,Oradea,Low,1,2023-01-09
C0774,27.0,F,Bucuresti,High,0,2024-06-07
C0775,46.0,M,Cluj-Napoca,Medium,1,2024-06-17
C0776,33.0,F,Bucuresti,Medium,0,2022-10-04
C0777,42.0,M,Cluj-Napoca,Low,0,2024-02-17
C0778,18.0,F,Oradea,Medium,1,2023-03-25
C0779,,F,Timisoara,Low,0,2024-06-03
C0780,40.0,F,Oradea,Low,0,2023-04-10
C0781,32.0,F,Constanta,Medium,1,2023-12-30
C0782,42.0,M,Bucuresti,Medium,0,2023-04-25
C0783,26.0,M,Ploiesti,Medium,1,2022-09-22
C0784,46.0,F,Bucuresti,Low,0,2022-08-27
C0785,,M,Bucuresti,Medium,0,2023-03-18
C0786,28.0,M,Timisoara,Low,0,2024-01-09
C0787,27.0,M,Bucuresti,High,0,2023-08-27
C0788,46.0,M,Bucuresti,Medium,0,2023-11-10
C0789,47.0,M,Brasov,Medium,0,2022-11-10
C0790,26.0,F,Iasi,Medium,1,2023-05-08
C0791,27.0,M,Timisoara,Low,1,2022-04-09
C0792,29.0,F,Arad,High,0,2024-03-05
C0793,18.0,M,Constanta,Low,0,2024-08-07
C0794,22.0,F,Galati,Medium,0,2023-03-02
C0795,21.0,M,Bucuresti,Medium,1,2022-03-10
C0796,24.0,F,Iasi,Low,1,2022-07-31
C0797,31.0,F,Galati,High,0,2023-10-09
C0798,34.0,M,Constanta,Medium,1,2023-09-02
C0799,47.0,F,Craiova,Low,0,2024-02-08
C0800,22.0,F,Bucuresti,Low,0,2022-10-15
C0801,41.0,F,Bucuresti,,0,2024-01-17
C0802,29.0,F,Timisoara,High,0,2023-11-10
C0803,31.0,M,Cluj-Napoca,Medium,0,2022-12-16
C0804,38.0,F,Galati,Low,0,2023-07-04
C0805,20.0,M,Bucuresti,Low,1,2022-07-11
C0806,35.0,M,Arad,Medium,0,2023-04-12
C0807,33.0,F,Arad,Medium,0,2024-05-02
C0808,36.0,M,Bucuresti,Medium,0,2023-03-15
C0809,34.0,F,Bucuresti,Medium,0,2024-03-25
C0810,56.0,F,Pitesti,Low,0,2023-08-14
C0811,25.0,F,Arad,Medium,0,2022-08-20
C0812,26.0,F,Cluj-Napoca,High,0,2023-08-05
C0813,25.0,M,Bucuresti,Low,0,2023-05-30
C0814,26.0,M,Iasi,Medium,0,2023-02-22
C0815,25.0,M,Craiova,Medium,0,2022-06-16
C0816,43.0,M,Bucuresti,Medium,1,2023-03-11
C0817,46.0,M,Sibiu,Low,1,2022-05-05
C0818,26.0,M,Bucuresti,High,0,2022-05-28
C0819,23.0,F,Bucuresti,Medium,0,2023-03-10
C0820,36.0,F,Cluj-Napoca,Medium,0,2022-11-30
C0821,26.0,M,Bucuresti,Medium,0,2024-06-10
C0822,38.0,F,Bucuresti,Low,0,2023-02-02
C0823,34.0,M,Timisoara,Low,0,2024-01-12
C0824,18.0,M,Bucuresti,Medium,0,2023-06-21
C0825,47.0,F,Bucuresti,Low,1,2023-11-24
C0826,49.0,F,Bucuresti,Medium,0,2022-10-21
C0827,25.0,F,Arad,Medium,0,2024-06-25
C0828,28.0,M,Cluj-Napoca,Medium,0,2023-06-21
C0829,,F,Timisoara,Medium,1,2024-03-18
C0830,35.0,F,Constanta,Medium,1,2023-01-23
C0831,,F,Baia Mare,Low,0,2022-05-30
C0832,52.0,F,Bucuresti,Medium,1,2023-10-28
C0833,30.0,F,Craiova,Medium,0,2022-03-07
C0834,24.0,F,Craiova,Medium,1,2023-05-02
C0835,18.0,F,Constanta,Low,1,2022-08-21
C0836,24.0,F,Bucuresti,Medium,0,2023-09-16
C0837,31.0,F,Brasov,Low,1,2024-07-29
C0838,49.0,M,Bucuresti,,0,2023-04-22
C0839,26.0,F,Constanta,Low,0,2024-03-05
C0840,34.0,,Sibiu,High,0,2023-06-01
C0841,31.0,,Bucuresti,Low,1,2023-05-21
C0842,43.0,F,Ploiesti,Low,0,2024-06-15
C0843,57.0,F,Bucuresti,Low,0,2024-05-09
C0844,,F,Galati,Low,1,2024-02-06
C0845,27.0,M,Timisoara,Medium,0,2022-11-22
C0846,42.0,F,Bucuresti,Low,0,2023-07-04
C0847,38.0,M,Bucuresti,Low,0,2022-09-18
C0848,50.0,F,Arad,Medium,0,2023-04-04
C0849,37.0,F,Bucuresti,Medium,0,2023-05-10
C0850,28.0,F,Bucuresti,Medium,0,2024-03-18
C0851,37.0,F,Bucuresti,Medium,1,2024-05-15
C0852,43.0,F,Constanta,Low,1,2023-03-09
C0853,40.0,F,Iasi,Medium,0,2022-03-16
C0854,37.0,M,Bucuresti,Low,0,2024-04-14
C0855,42.0,F,Bucuresti,Medium,0,2022-08-04
C0856,43.0,F,Bucuresti,Medium,1,2023-09-11
C0857,45.0,F,Bucuresti,Low,0,2022-03-23
C0858,38.0,M,Cluj-Napoca,Medium,0,2023-02-23
C0859,30.0,F,Craiova,High,1,2024-08-04
C0860,33.0,M,Bucuresti,High,0,2022-05-30
C0861,44.0,F,Bucuresti,Medium,0,2023-03-17
C0862,23.0,F,Cluj-Napoca,Medium,1,2022-12-02
C0863,35.0,F,Baia Mare,Low,1,2024-05-23
C0864,28.0,F,Arad,Low,0,2024-04-21
C0865,32.0,M,Oradea,Medium,1,2022-09-30
C0866,44.0,M,Bucuresti,,0,2022-05-13
C0867,33.0,F,Bucuresti,,1,2023-09-16
C0868,32.0,F,Bucuresti,Medium,0,2022-12-28
C0869,18.0,M,Bucuresti,Medium,1,2023-10-26
C0870,39.0,F,Timisoara,Medium,1,2022-03-29
C0871,38.0,F,Oradea,High,1,2022-06-29
C0872,53.0,F,Galati,Medium,1,2023-11-08
C0873,28.0,F,Galati,Medium,0,2022-09-08
C0874,34.0,M,Bucuresti,Medium,0,2024-04-10
C0875,34.0,M,Craiova,High,0,2022-04-22
C0876,47.0,F,Bucuresti,Low,1,2022-09-10
C0877,31.0,F,Bucuresti,High,1,2024-08-15
C0878,34.0,F,Craiova,Medium,0,2023-03-25
C0879,38.0,F,Bucuresti,Medium,1,2023-11-23
C0880,33.0,F,Cluj-Napoca,Medium,1,2022-08-12
C0881,27.0,F,Bucuresti,Medium,1,2023-08-31
C0882,33.0,F,Craiova,Low,1,2023-12-14
C0883,42.0,F,Oradea,High,0,2022-12-09
C0884,,M,Bucuresti,Medium,0,2024-03-16
C0885,33.0,M,Ploiesti,Medium,0,2023-08-26
C0886,24.0,F,Bucuresti,Low,0,2023-02-14
C0887,43.0,M,Timisoara,Medium,1,2023-07-15
C0888,18.0,F,Craiova,Medium,1,2023-08-02
C0889,26.0,F,Craiova,Medium,1,2022-07-27
C0890,35.0,F,Baia Mare,Medium,1,2023-02-26
C0891,47.0,M,Bucuresti,Medium,0,2023-01-04
C0892,31.0,M,Brasov,High,0,2023-02-24
C0893,26.0,M,Constanta,Medium,0,2024-01-14
C0894,50.0,M,Pitesti,High,0,2023-05-09
C0895,18.0,M,Bucuresti,Low,0,2024-06-24
C0896,18.0,F,Sibiu,Medium,0,2022-11-20
C0897,36.0,F,Iasi,Medium,0,2023-03-10
C0898,26.0,F,Bucuresti,Medium,0,2024-02-07
C0899,21.0,F,Timisoara,High,1,2023-07-05
C0900,39.0,M,Bucuresti,Low,0,2023-07-06
C0901,34.0,F,Constanta,Low,0,2022-04-18
C0902,26.0,F,Pitesti,High,0,2023-02-22
C0903,19.0,M,Constanta,Low,1,2022-10-30
C0904,40.0,F,Brasov,Medium,0,2024-08-16
C0905,38.0,M,Iasi,Medium,0,2022-12-03
C0906,31.0,F,Bucuresti,High,1,2024-05-05
C0907,50.0,F,Bucuresti,Low,0,2023-10-30
C0908,21.0,M,Timisoara,Low,1,2023-01-01
C0909,,F,Bucuresti,Medium,0,2023-07-03
C0910,25.0,F,Bucuresti,High,0,2024-03-26
C0911,31.0,F,Timisoara,Medium,0,2024-05-04
C0912,,F,Bucuresti,Medium,1,2022-07-23
C0913,29.0,F,Bucuresti,Medium,0,2022-12-31
C0914,35.0,M,Timisoara,High,0,2022-12-27
C0915,19.0,M,Bucuresti,,0,2022-04-07
C0916,46.0,M,Targu Mures,High,0,2023-08-21
C0917,31.0,F,Galati,Low,0,2024-04-08
C0918,43.0,F,Craiova,Low,1,2023-02-07
C0919,35.0,F,Bucuresti,Medium,1,2023-12-27
C0920,36.0,F,Oradea,,0,2023-09-16
C0921,37.0,M,Ploiesti,Low,0,2023-02-02
C0922,36.0,M,Oradea,Low,1,2022-07-05
C0923,38.0,M,Bucuresti,Medium,0,2023-11-29
C0924,45.0,M,Brasov,Low,0,2024-04-08
C0925,33.0,M,Ploiesti,Medium,0,2023-11-08
C0926,39.0,F,Constanta,Medium,1,2022-03-17
C0927,31.0,M,Brasov,,1,2022-09-11
C0928,46.0,M,Timisoara,Medium,1,2022-05-02
C0929,25.0,M,Iasi,Medium,0,2023-07-27
C0930,50.0,M,Bucuresti,Medium,0,2024-01-10
C0931,31.0,F,Brasov,Medium,1,2022-06-08
C0932,18.0,F,Bucuresti,Medium,0,2024-03-24
C0933,33.0,F,Cluj-Napoca,Medium,1,2023-07-13
C0934,25.0,M,Bucuresti,Low,1,2023-11-11
C0935,40.0,M,Iasi,Low,0,2024-07-22
C0936,25.0,F,Bucuresti,Low,1,2022-05-15
C0937,,M,Craiova,Low,0,2024-05-20
C0938,18.0,M,Oradea,Medium,1,2022-06-22
C0939,27.0,M,Bucuresti,High,0,2023-02-17
C0940,18.0,M,Bucuresti,Medium,0,2024-04-05
C0941,18.0,M,Bucuresti,Medium,1,2024-05-24
C0942,39.0,M,Galati,Medium,1,2023-05-30
C0943,39.0,F,Iasi,Medium,0,2023-08-17
C0944,36.0,M,Timisoara,Medium,0,2023-11-28
C0945,22.0,M,Bucuresti,Low,0,2024-03-19
C0946,31.0,F,Brasov,Low,0,2022-06-18
C0947,31.0,M,Galati,Medium,0,2024-02-28
C0948,20.0,M,Ploiesti,High,0,2023-05-08
C0949,47.0,F,Constanta,Low,0,2023-04-10
C0950,40.0,M,Bucuresti,Low,0,2023-03-17
C0951,29.0,M,Bucuresti,Medium,0,2023-06-02
C0952,32.0,F,Bucuresti,Low,0,2024-06-28
C0953,34.0,M,Bucuresti,High,0,2023-07-07
C0954,18.0,F,Bucuresti,Medium,1,2024-07-05
C0955,29.0,F,Bucuresti,High,0,2022-08-10
C0956,25.0,M,Cluj-Napoca,Medium,1,2023-12-12
C0957,21.0,F,Targu Mures,Medium,1,2024-03-01
C0958,29.0,F,Constanta,Medium,1,2023-11-02
C0959,49.0,M,Ploiesti,Medium,1,2023-08-29
C0960,38.0,F,Craiova,Medium,1,2023-07-22
C0961,26.0,M,Bucuresti,Low,0,2024-04-13
C0962,37.0,F,Sibiu,Medium,0,2024-03-09
C0963,45.0,M,Bucuresti,Medium,1,2022-06-19
C0964,41.0,F,Brasov,High,0,2024-04-02
C0965,32.0,,Bucuresti,Medium,1,2023-03-08
C0966,25.0,F,Baia Mare,Medium,0,2022-10-15
C0967,38.0,M,Bucuresti,Low,1,2024-04-21
C0968,35.0,M,Bucuresti,Medium,0,2023-03-24
C0969,40.0,F,Targu Mures,Medium,0,2024-02-26
C0970,38.0,F,Bucuresti,High,0,2022-10-24
C0971,42.0,F,Craiova,High,1,2022-03-04
C0972,26.0,F,Craiova,Low,1,2023-05-20
C0973,45.0,F,Ploiesti,High,0,2022-05-30
C0974,33.0,F,Arad,Low,1,2024-01-08
C0975,52.0,M,Arad,Medium,0,2022-11-04
C0976,25.0,F,Bucuresti,Medium,0,2023-04-04
C0977,49.0,F,Ploiesti,Low,0,2022-05-18
C0978,33.0,F,Brasov,Medium,0,2022-11-13
C0979,25.0,F,Brasov,Low,0,2024-02-02
C0980,27.0,M,Bucuresti,Low,0,2022-07-15
C0981,,M,Brasov,Medium,1,2023-10-04
C0982,36.0,F,Baia Mare,Medium,1,2024-06-03
C0983,37.0,F,Pitesti,High,0,2023-11-02
C0984,26.0,F,Cluj-Napoca,Medium,0,2024-02-28
C0985,31.0,F,Bucuresti,Medium,0,2022-06-07
C0986,53.0,F,Bucuresti,Medium,0,2022-10-12
C0987,49.0,M,Ploiesti,Low,0,2024-05-14
C0988,36.0,F,Craiova,Low,0,2023-12-04
C0989,32.0,M,Timisoara,Medium,1,2023-09-27
C0990,33.0,M,Bucuresti,Medium,1,2023-10-19
C0991,38.0,F,Cluj-Napoca,Medium,0,2023-03-08
C0992,21.0,F,Timisoara,Medium,0,2022-04-10
C0993,29.0,M,Targu Mures,Medium,0,2024-02-04
C0994,18.0,M,Brasov,Low,1,2023-11-01
C0995,35.0,F,Bucuresti,Low,0,2023-04-30
C0996,38.0,M,Iasi,High,0,2024-05-18
C0997,27.0,F,Bucuresti,Medium,1,2022-12-28
C0998,47.0,F,Arad,High,0,2022-11-20
C0999,19.0,F,Bucuresti,Low,0,2024-04-24
C1000,18.0,F,Timisoara,High,0,2024-02-16
C1001,34.0,M,Bucuresti,Low,0,2023-06-07
C1002,42.0,F,Craiova,Low,0,2022-06-26
C1003,48.0,M,Brasov,High,0,2022-09-10
C1004,27.0,F,Craiova,Low,0,2023-10-12
C1005,42.0,M,Bucuresti,Medium,0,2023-02-10
C1006,31.0,F,Bucuresti,Low,1,2024-03-22
C1007,30.0,M,Bucuresti,Medium,0,2024-07-02
C1008,40.0,,Brasov,High,0,2024-02-24
C1009,38.0,M,Bucuresti,Medium,1,2023-02-03
C1010,18.0,M,Constanta,Medium,1,2024-02-08
C1011,46.0,F,Galati,Low,1,2023-01-11
C1012,45.0,M,Pitesti,Medium,0,2022-07-29
C1013,25.0,F,Timisoara,Medium,0,2022-03-31
C1014,35.0,F,Timisoara,Low,1,2023-02-11
C1015,36.0,F,Bucuresti,Medium,1,2024-05-22
C1016,34.0,M,Brasov,Low,0,2022-10-02
C1017,26.0,M,Ploiesti,High,1,2022-09-02
C1018,25.0,F,Bucuresti,Medium,0,2024-07-20
C1019,31.0,M,Cluj-Napoca,Low,1,2022-03-23
C1020,43.0,M,Ploiesti,Medium,1,2024-02-06
C1021,37.0,F,Galati,Medium,1,2022-12-15
C1022,28.0,F,Bucuresti,Medium,1,2022-04-03
C1023,39.0,F,Iasi,High,1,2024-06-04
C1024,18.0,M,Bucuresti,Medium,0,2022-07-04
C1025,43.0,F,Bucuresti,High,0,2023-07-10
C1026,18.0,M,Pitesti,Medium,0,2022-11-02
C1027,28.0,M,Ploiesti,Low,0,2022-04-28
C1028,20.0,F,Sibiu,Medium,1,2022-04-14
C1029,19.0,M,Bucuresti,Medium,0,2022-06-13
C1030,43.0,M,Galati,Medium,0,2022-05-04
C1031,27.0,M,Cluj-Napoca,High,0,2024-01-14
C1032,35.0,F,Bucuresti,Medium,1,2023-05-12
C1033,31.0,F,Iasi,High,0,2023-01-03
C1034,36.0,F,Bucuresti,Medium,0,2023-03-12
C1035,,F,Sibiu,Medium,0,2024-06-14
C1036,19.0,M,Constanta,Medium,1,2024-05-28
C1037,41.0,F,Bucuresti,Medium,0,2023-12-05
C1038,27.0,M,Bucuresti,High,1,2024-05-05
C1039,18.0,M,Bucuresti,Medium,0,2022-12-13
C1040,,F,Bucuresti,,0,2023-02-06
C1041,47.0,F,Constanta,Medium,1,2023-09-04
C1042,40.0,M,Ploiesti,Medium,0,2023-09-13
C1043,28.0,M,Bucuresti,Low,0,2023-05-08
C1044,28.0,M,Bucuresti,Low,0,2023-02-24
C1045,28.0,M,Constanta,Medium,0,2024-08-04
C1046,52.0,F,Ploiesti,Medium,0,2024-03-09
C1047,35.0,F,Bucuresti,Medium,0,2023-03-27
C1048,36.0,F,Bucuresti,Low,0,2023-12-15
C1049,42.0,F,Constanta,Low,0,2022-10-29
C1050,34.0,M,Bucuresti,Medium,1,2022-05-30
C1051,29.0,F,Bucuresti,Medium,1,2023-01-12
C1052,,M,Sibiu,Low,0,2023-02-26
C1053,31.0,F,Constanta,Medium,0,2022-03-15
C1054,31.0,F,Constanta,Medium,0,2024-03-03
C1055,39.0,F,Sibiu,Low,0,2023-01-18
C1056,32.0,M,Brasov,Low,0,2023-08-05
C1057,39.0,F,Bucuresti,Low,0,2022-05-06
C1058,31.0,M,Bucuresti,,0,2022-08-05
C1059,32.0,M,Bucuresti,Medium,0,2024-05-09
C1060,18.0,M,Bucuresti,,0,2023-08-30
C1061,41.0,M,Brasov,Medium,1,2024-07-03
C1062,,F,Galati,Medium,0,2024-08-15
C1063,41.0,F,Arad,Medium,1,2023-01-29
C1064,18.0,F,Brasov,Medium,1,2022-11-24
C1065,52.0,F,Bucuresti,Low,0,2024-04-11
C1066,30.0,F,Bucuresti,Medium,0,2024-08-15
C1067,43.0,M,Ploiesti,Medium,0,2023-09-18
C1068,21.0,M,Constanta,Medium,0,2024-02-14
C1069,38.0,F,Constanta,Medium,0,2024-02-02
C1070,21.0,M,Oradea,Low,1,2023-01-14
C1071,25.0,F,Craiova,Medium,0,2023-07-30
C1072,51.0,M,Ploiesti,Medium,0,2024-03-19
C1073,30.0,M,Bucuresti,High,1,2023-11-10
C1074,34.0,M,Sibiu,Medium,1,2022-03-20
C1075,40.0,M,Galati,Medium,0,2022-12-29
C1076,36.0,M,Bucuresti,Medium,1,2022-07-09
C1077,,F,Brasov,High,0,2022-09-26
C1078,35.0,,Bucuresti,Medium,0,2024-05-23
C1079,56.0,F,Arad,Medium,0,2022-04-03
C1080,31.0,M,Bucuresti,Medium,0,2022-09-14
C1081,34.0,M,Constanta,Medium,1,2022-12-04
C1082,42.0,M,Bucuresti,High,0,2023-09-07
C1083,43.0,F,Craiova,Low,0,2023-06-24
C1084,43.0,M,Bucuresti,Low,0,2022-09-13
C1085,38.0,F,Bucuresti,High,0,2022-07-26
C1086,20.0,M,Timisoara,Medium,0,2022-09-30
C1087,48.0,F,Pitesti,Medium,0,2023-05-27
C1088,20.0,M,Bucuresti,Medium,1,2022-10-31
C1089,35.0,F,Bucuresti,Low,0,2024-06-30
C1090,,F,Sibiu,Medium,0,2023-04-22
C1091,31.0,F,Timisoara,Medium,0,2022-04-22
C1092,,M,Pitesti,Medium,0,2023-12-17
C1093,35.0,M,Bucuresti,,0,2022-12-21
C1094,36.0,M,Brasov,High,1,2023-10-10
C1095,48.0,F,Bucuresti,Low,1,2022-11-07
C1096,36.0,F,Bucuresti,High,0,2023-07-27
C1097,29.0,F,Craiova,Low,0,2024-01-24
C1098,41.0,M,Constanta,Medium,1,2024-06-13
C1099,43.0,M,Sibiu,High,0,2022-10-22
C1100,19.0,M,Bucuresti,Medium,0,2022-12-27
C1101,37.0,F,Timisoara,Medium,0,2023-04-22
C1102,39.0,F,Cluj-Napoca,Medium,1,2024-06-12
C1103,29.0,F,Baia Mare,Medium,0,2024-05-20
C1104,45.0,M,Bucuresti,Low,1,2022-05-20
C1105,30.0,F,Bucuresti,High,1,2022-06-27
C1106,33.0,F,Bucuresti,Medium,0,2023-05-20
C1107,30.0,M,Iasi,Medium,1,2022-06-04
C1108,32.0,F,Bucuresti,Medium,1,2023-01-06
C1109,21.0,F,Pitesti,Low,0,2022-07-12
C1110,18.0,F,Bucuresti,Low,0,2023-09-24
C1111,47.0,F,Pitesti,Medium,0,2024-07-02
C1112,23.0,M,Bucuresti,Medium,0,2024-08-14
C1113,22.0,M,Brasov,Medium,0,2023-02-01
C1114,18.0,F,Pitesti,High,0,2023-08-22
C1115,25.0,M,Bucuresti,Low,0,2024-04-09
C1116,18.0,F,Arad,Medium,1,2022-06-14
C1117,,F,Timisoara,Low,0,2023-11-11
C1118,42.0,F,Arad,Medium,0,2023-03-03
C1119,25.0,F,Brasov,Low,0,2022-09-02
C1120,54.0,M,Bucuresti,High,0,2023-02-26
C1121,41.0,M,Bucuresti,Low,0,2022-05-08
C1122,28.0,M,Bucuresti,High,0,2023-11-16
C1123,18.0,M,Bucuresti,Medium,0,2022-10-14
C1124,54.0,M,Bucuresti,High,1,2022-12-06
C1125,18.0,M,Bucuresti,Medium,1,2022-06-17
C1126,18.0,F,Cluj-Napoca,High,0,2024-04-17
C1127,42.0,F,Oradea,Low,1,2023-05-19
C1128,56.0,M,Bucuresti,Medium,1,2023-07-28
C1129,45.0,M,Bucuresti,High,0,2023-07-26
C1130,37.0,F,Brasov,Low,1,2023-03-05
C1131,37.0,M,Bucuresti,Low,1,2022-08-21
C1132,40.0,M,Bucuresti,Medium,0,2023-12-31
C1133,39.0,M,Bucuresti,High,0,2022-06-23
C1134,34.0,F,Targu Mures,Medium,0,2022-06-02
C1135,33.0,M,Ploiesti,Medium,0,2023-11-30
C1136,31.0,F,Bucuresti,Low,1,2022-09-04
C1137,24.0,M,Brasov,Low,0,2022-12-02
C1138,29.0,F,Iasi,High,1,2023-05-02
C1139,18.0,M,Brasov,Low,1,2023-04-09
C1140,31.0,F,Craiova,Medium,1,2023-11-28
C1141,22.0,F,Brasov,High,1,2023-09-13
C1142,20.0,F,Bucuresti,Low,0,2023-10-01
C1143,33.0,F,Bucuresti,Medium,0,2023-12-03
C1144,45.0,F,Timisoara,Low,1,2022-11-19
C1145,41.0,F,Pitesti,Medium,0,2022-12-16
C1146,18.0,F,Constanta,Low,0,2023-03-30
C1147,22.0,F,Ploiesti,Medium,1,2022-12-02
C1148,41.0,M,Baia Mare,Medium,1,2024-08-03
C1149,22.0,M,Bucuresti,Medium,0,2024-03-02
C1150,29.0,M,Craiova,Medium,1,2022-07-27
C1151,37.0,F,Brasov,Low,1,2022-03-06
C1152,,M,Baia Mare,Medium,0,2022-04-08
C1153,33.0,M,Baia Mare,Medium,0,2022-10-06
C1154,18.0,F,Craiova,Medium,1,2022-06-11
C1155,25.0,F,Bucuresti,Low,0,2023-06-24
C1156,35.0,F,Oradea,Medium,0,2024-04-11
C1157,18.0,M,Bucuresti,Low,0,2023-12-24
C1158,36.0,F,Oradea,Medium,1,2022-09-11
C1159,31.0,M,Pitesti,Low,0,2023-02-23
C1160,37.0,M,Cluj-Napoca,Medium,0,2023-06-01
C1161,34.0,M,Brasov,Low,0,2024-02-28
C1162,45.0,M,Cluj-Napoca,High,1,2024-03-25
C1163,33.0,M,Cluj-Napoca,High,0,2024-05-27
C1164,27.0,F,Bucuresti,Low,0,2023-06-02
C1165,33.0,M,Oradea,Medium,1,2023-11-15
C1166,37.0,F,Targu Mures,Low,0,2022-06-09
C1167,32.0,F,Targu Mures,Medium,1,2023-07-22
C1168,32.0,M,Bucuresti,Medium,1,2022-10-10
C1169,24.0,F,Galati,Medium,1,2023-03-24
C1170,25.0,M,Sibiu,Medium,0,2023-09-22
C1171,18.0,F,Bucuresti,Low,1,2022-10-18
C1172,49.0,M,Bucuresti,Medium,1,2022-04-16
C1173,19.0,M,Bucuresti,Low,1,2022-03-10
C1174,25.0,M,Pitesti,Medium,0,2022-03-20
C1175,24.0,F,Brasov,Medium,1,2022-03-08
C1176,40.0,F,Craiova,Medium,0,2022-06-08
C1177,29.0,M,Bucuresti,Low,0,2022-10-02
C1178,44.0,F,Craiova,Medium,0,2022-09-16
C1179,25.0,F,Bucuresti,Medium,1,2024-08-05
C1180,34.0,F,Bucuresti,Low,0,2022-12-01
C1181,23.0,F,Constanta,Medium,0,2022-06-23
C1182,53.0,F,Bucuresti,High,1,2023-07-05
C1183,20.0,F,Ploiesti,High,0,2024-04-11
C1184,35.0,F,Bucuresti,Medium,1,2023-11-01
C1185,38.0,M,Brasov,Medium,0,2022-11-22
C1186,36.0,M,Cluj-Napoca,Low,0,2023-07-19
C1187,,M,Constanta,High,1,2023-12-04
C1188,30.0,F,Bucuresti,Low,1,2023-12-16
C1189,32.0,F,Bucuresti,High,0,2023-10-21
C1190,30.0,M,Pitesti,Medium,1,2024-04-22
C1191,41.0,F,Bucuresti,Medium,0,2024-04-22
C1192,54.0,F,Ploiesti,High,0,2023-08-04
C1193,26.0,M,Baia Mare,Low,0,2023-03-22
C1194,18.0,,Bucuresti,Medium,0,2023-09-29
C1195,31.0,M,Bucuresti,Medium,0,2024-03-06
C1196,57.0,M,Brasov,Low,0,2022-03-06
C1197,23.0,F,Arad,Medium,0,2024-08-09
C1198,48.0,F,Pitesti,Medium,0,2022-08-12
C1199,48.0,M,Timisoara,Medium,0,2023-04-28
C1200,26.0,F,Oradea,Low,0,2024-04-23
C1201,37.0,F,Bucuresti,High,1,2022-09-19
C1202,48.0,M,Baia Mare,Low,1,2023-05-04
C1203,,M,Arad,Low,0,2022-06-28
C1204,29.0,F,Bucuresti,Low,1,2023-02-19
C1205,26.0,M,Bucuresti,Low,1,2022-08-07
C1206,21.0,F,Bucuresti,Low,0,2023-01-22
C1207,,F,Bucuresti,High,0,2023-01-31
C1208,19.0,F,Ploiesti,Medium,1,2024-08-10
C1209,32.0,M,Cluj-Napoca,Low,0,2024-08-12
C1210,24.0,F,Bucuresti,Low,1,2022-06-12
C1211,34.0,M,Bucuresti,Medium,1,2023-12-14
C1212,18.0,M,Baia Mare,High,1,2022-04-16
C1213,35.0,M,Brasov,Low,1,2022-03-28
C1214,40.0,M,Cluj-Napoca,Low,0,2022-06-03
C1215,18.0,F,Bucuresti,Low,0,2024-07-16
C1216,35.0,F,Baia Mare,Low,1,2024-06-24
C1217,44.0,M,Ploiesti,Low,0,2022-08-22
C1218,19.0,F,Bucuresti,Medium,1,2022-07-24
C1219,48.0,M,Bucuresti,Low,1,2022-10-03
C1220,36.0,F,Bucuresti,Medium,1,2023-06-07
C1221,24.0,M,Bucuresti,Low,0,2023-07-26
C1222,31.0,F,Constanta,High,0,2022-09-16
C1223,37.0,F,Targu Mures,High,0,2024-01-10
C1224,32.0,F,Timisoara,Medium,0,2022-12-04
C1225,37.0,M,Ploiesti,Medium,1,2024-06-07
C1226,22.0,M,Timisoara,Medium,1,2023-10-13
C1227,33.0,F,Craiova,Medium,1,2023-03-28
C1228,18.0,M,Sibiu,Medium,0,2024-02-09
C1229,30.0,M,Bucuresti,Medium,0,2024-03-06
C1230,22.0,M,Bucuresti,High,1,2022-11-17
C1231,24.0,F,Brasov,High,0,2022-12-31
C1232,44.0,F,Bucuresti,Medium,0,2024-06-20
C1233,42.0,F,Bucuresti,Medium,1,2022-07-27
C1234,38.0,M,Iasi,Low,1,2022-04-07
C1235,21.0,M,Baia Mare,Low,0,2023-04-13
C1236,,F,Timisoara,Medium,1,2024-02-20
C1237,44.0,F,Ploiesti,,0,2024-01-24
C1238,33.0,M,Cluj-Napoca,High,1,2024-06-05
C1239,55.0,F,Oradea,Low,0,2023-06-23
C1240,35.0,,Constanta,Medium,0,2022-05-30
C1241,33.0,F,Galati,Medium,1,2023-08-12
C1242,28.0,M,Cluj-Napoca,Medium,0,2024-01-30
C1243,33.0,F,Constanta,Medium,1,2022-05-23
C1244,30.0,,Brasov,High,1,2022-08-03
C1245,39.0,F,Cluj-Napoca,Medium,1,2022-03-12
C1246,41.0,M,Bucuresti,Medium,1,2023-08-17
C1247,24.0,F,Bucuresti,Low,0,2024-05-07
C1248,18.0,M,Bucuresti,Medium,1,2023-10-25
C1249,18.0,M,Galati,High,0,2024-07-31
C1250,37.0,F,Bucuresti,Medium,0,2022-04-26
C1251,20.0,,Bucuresti,High,1,2024-05-21
C1252,18.0,F,Sibiu,Medium,0,2024-03-02
C1253,35.0,F,Bucuresti,Low,0,2022-12-08
C1254,56.0,M,Timisoara,Low,0,2024-07-24
C1255,31.0,M,Bucuresti,Medium,1,2022-11-15
C1256,40.0,M,Arad,Medium,1,2024-05-09
C1257,32.0,F,Galati,Medium,0,2024-05-01
C1258,31.0,F,Galati,Low,0,2024-01-11
C1259,41.0,F,Cluj-Napoca,Medium,1,2023-07-21
C1260,29.0,M,Oradea,Medium,0,2022-06-17
C1261,34.0,,Bucuresti,Medium,0,2023-06-22
C1262,35.0,F,Bucuresti,Low,0,2023-01-16
C1263,25.0,M,Bucuresti,Low,0,2024-02-11
C1264,,F,Constanta,Low,0,2024-01-12
C1265,30.0,F,Timisoara,Low,1,2024-05-28
C1266,,F,Iasi,Low,0,2022-03-14
C1267,37.0,M,Bucuresti,Low,1,2024-02-27
C1268,23.0,M,Cluj-Napoca,Medium,1,2024-06-22
C1269,32.0,M,Craiova,Medium,1,2024-02-09
C1270,31.0,M,Cluj-Napoca,High,0,2022-06-26
C1271,42.0,M,Sibiu,Low,0,2022-05-13
C1272,36.0,F,Bucuresti,Medium,0,2022-03-19
C1273,31.0,F,Ploiesti,Medium,1,2023-09-17
C1274,40.0,M,Constanta,Low,0,2023-09-18
C1275,45.0,M,Bucuresti,High,0,2024-08-05
C1276,37.0,M,Bucuresti,Low,0,2023-02-22
C1277,32.0,M,Brasov,High,0,2022-12-24
C1278,18.0,F,Ploiesti,,0,2023-09-13
C1279,21.0,M,Cluj-Napoca,Medium,0,2024-03-13
C1280,28.0,M,Bucuresti,Medium,0,2024-06-21
C1281,25.0,M,Galati,Medium,0,2024-02-21
C1282,30.0,F,Brasov,Medium,0,2023-03-20
C1283,32.0,F,Timisoara,Medium,1,2023-09-23
C1284,37.0,M,Timisoara,,0,2024-04-09
C1285,31.0,F,Bucuresti,Low,0,2023-05-16
C1286,36.0,,Constanta,Medium,0,2022-09-12
C1287,32.0,F,Bucuresti,Medium,0,2022-07-31
C1288,18.0,M,Baia Mare,High,1,2022-03-01
C1289,22.0,F,Timisoara,Low,0,2023-12-07
C1290,30.0,F,Timisoara,High,1,2022-06-08
C1291,19.0,F,Iasi,Low,1,2022-10-06
C1292,37.0,F,Pitesti,Medium,1,2022-11-24
C1293,47.0,F,Oradea,Medium,0,2023-07-18
C1294,44.0,M,Timisoara,Medium,0,2023-02-22
C1295,29.0,F,Craiova,Low,1,2023-10-29
C1296,46.0,F,Constanta,Medium,0,2022-04-20
C1297,,F,Timisoara,High,1,2022-06-20
C1298,28.0,M,Bucuresti,Medium,1,2023-05-24
C1299,25.0,,Timisoara,Medium,1,2022-12-29
C1300,28.0,F,Bucuresti,High,0,2022-11-22
C1301,28.0,M,Pitesti,Medium,1,2022-04-30
C1302,33.0,F,Bucuresti,Medium,1,2024-05-15
C1303,33.0,F,Arad,Low,1,2023-11-13
C1304,,F,Iasi,High,0,2022-06-18
C1305,36.0,M,Brasov,Medium,0,2022-04-28
C1306,43.0,M,Iasi,Low,0,2024-07-25
C1307,41.0,F,Bucuresti,Low,0,2023-11-04
C1308,18.0,M,Bucuresti,High,0,2023-03-11
C1309,18.0,F,Bucuresti,Low,1,2023-11-22
C1310,41.0,F,Constanta,High,0,2024-01-10
C1311,18.0,F,Timisoara,Low,1,2024-01-31
C1312,29.0,M,Oradea,Medium,0,2023-05-05
C1313,20.0,F,Bucuresti,Medium,0,2023-03-22
C1314,18.0,M,Bucuresti,Medium,0,2022-03-10
C1315,37.0,M,Cluj-Napoca,High,0,2024-06-11
C1316,39.0,M,Targu Mures,Medium,1,2023-08-25
C1317,26.0,,Craiova,Medium,0,2022-08-30
C1318,18.0,F,Cluj-Napoca,Low,1,2024-06-05
C1319,26.0,F,Iasi,Low,0,2024-06-01
C1320,35.0,M,Bucuresti,Low,1,2024-08-07
C1321,18.0,F,Baia Mare,Medium,0,2024-04-25
C1322,33.0,M,Brasov,Low,0,2024-08-15
C1323,31.0,F,Bucuresti,Low,0,2022-10-07
C1324,37.0,F,Constanta,Medium,0,2024-03-28
C1325,33.0,F,Bucuresti,Medium,0,2024-03-10
C1326,22.0,M,Arad,Medium,1,2022-09-24
C1327,43.0,F,Bucuresti,Low,1,2022-05-28
C1328,30.0,M,Brasov,Low,1,2024-07-29
C1329,31.0,F,Bucuresti,High,0,2022-11-22
C1330,,M,Craiova,Low,0,2024-04-22
C1331,27.0,F,Oradea,High,0,2022-03-04
C1332,23.0,F,Brasov,High,1,2022-03-19
C1333,30.0,F,Constanta,Medium,1,2023-04-24
C1334,49.0,M,Pitesti,Low,1,2022-10-01
C1335,18.0,F,Bucuresti,High,1,2023-11-11
C1336,18.0,M,Bucuresti,Medium,0,2023-07-23
C1337,46.0,F,Bucuresti,Medium,0,2022-05-09
C1338,29.0,M,Baia Mare,Medium,0,2022-07-25
C1339,,M,Cluj-Napoca,Low,0,2023-02-13
C1340,42.0,F,Sibiu,Low,0,2022-08-15
C1341,25.0,M,Craiova,Medium,0,2024-02-12
C1342,50.0,M,Bucuresti,Medium,1,2023-03-10
C1343,38.0,M,Bucuresti,Medium,1,2022-05-24
C1344,27.0,M,Bucuresti,Medium,1,2023-05-10
C1345,53.0,F,Cluj-Napoca,Medium,1,2022-05-21
C1346,25.0,F,Bucuresti,Medium,0,2022-06-25
C1347,39.0,M,Bucuresti,High,0,2022-10-02
C1348,34.0,M,Galati,Low,1,2024-04-12
C1349,45.0,M,Arad,Medium,0,2024-06-10
C1350,47.0,M,Bucuresti,Low,0,2024-03-13
C1351,32.0,F,Bucuresti,Medium,0,2022-12-26
C1352,24.0,F,Bucuresti,Medium,0,2022-11-01
C1353,36.0,M,Craiova,High,0,2023-07-08
C1354,25.0,M,Ploiesti,Low,0,2023-12-10
C1355,52.0,M,Bucuresti,High,0,2024-08-11
C1356,33.0,F,Bucuresti,Low,1,2022-06-27
C1357,28.0,F,Oradea,Medium,0,2022-04-14
C1358,33.0,M,Constanta,Low,0,2023-11-15
C1359,18.0,M,Bucuresti,High,0,2024-03-19
C1360,22.0,F,Constanta,Medium,0,2024-03-31
C1361,44.0,F,Bucuresti,Medium,1,2023-11-01
C1362,25.0,M,Bucuresti,High,1,2024-07-06
C1363,21.0,M,Oradea,Low,1,2023-06-03
C1364,37.0,M,Ploiesti,Low,0,2024-05-31
C1365,43.0,F,Cluj-Napoca,High,0,2024-07-19
C1366,39.0,M,Arad,Medium,0,2024-04-01
C1367,41.0,M,Cluj-Napoca,Low,0,2022-12-04
C1368,24.0,F,Oradea,Medium,0,2022-08-24
C1369,18.0,M,Timisoara,Medium,0,2023-07-07
C1370,47.0,F,Pitesti,Low,0,2023-04-12
C1371,28.0,M,Pitesti,Low,1,2024-04-28
C1372,29.0,,Bucuresti,Low,0,2022-05-30
C1373,45.0,F,Targu Mures,Medium,1,2022-10-18
C1374,37.0,M,Ploiesti,High,0,2024-01-06
C1375,36.0,F,Oradea,High,0,2022-05-25
C1376,53.0,F,Bucuresti,Medium,1,2022-12-14
C1377,25.0,M,Ploiesti,Low,1,2023-02-12
C1378,41.0,F,Galati,High,0,2023-09-12
C1379,32.0,M,Bucuresti,Medium,0,2022-07-21
C1380,34.0,F,Arad,Low,0,2024-04-13
C1381,,M,Bucuresti,High,0,2023-04-07
C1382,37.0,F,Bucuresti,Medium,1,2024-06-03
C1383,37.0,M,Iasi,Medium,1,2023-04-26
C1384,42.0,M,Constanta,Medium,1,2022-11-03
C1385,28.0,F,Brasov,Low,0,2022-07-06
C1386,23.0,F,Bucuresti,Low,1,2022-03-04
C1387,21.0,M,Arad,Medium,0,2023-06-22
C1388,18.0,M,Bucuresti,Low,1,2022-06-05
C1389,52.0,F,Bucuresti,Medium,1,2023-02-16
C1390,20.0,F,Bucuresti,Medium,0,2023-08-13
C1391,29.0,M,Iasi,Medium,0,2022-11-04
C1392,29.0,F,Targu Mures,Medium,0,2022-08-05
C1393,35.0,M,Brasov,Medium,0,2024-01-27
C1394,40.0,F,Ploiesti,High,1,2024-06-30
C1395,40.0,M,Bucuresti,Medium,0,2022-05-30
C1396,26.0,M,Iasi,Low,0,2022-07-19
C1397,30.0,F,Timisoara,Low,0,2024-07-12
C1398,34.0,M,Timisoara,Medium,1,2022-04-04
C1399,29.0,F,Bucuresti,Low,0,2024-07-27
C1400,48.0,M,Craiova,Low,1,2022-03-05
C1401,,M,Timisoara,Low,1,2024-04-25
C1402,39.0,M,Oradea,Medium,1,2022-12-02
C1403,38.0,F,Timisoara,High,0,2024-06-22
C1404,43.0,M,Bucuresti,Low,0,2022-12-11
C1405,33.0,F,Brasov,Medium,0,2023-10-10
C1406,,F,Bucuresti,Medium,0,2022-05-12
C1407,35.0,F,Galati,Low,0,2022-10-05
C1408,25.0,M,Constanta,High,1,2024-01-26
C1409,,M,Bucuresti,Medium,0,2023-06-19
C1410,37.0,M,Arad,Medium,1,2024-06-13
C1411,,M,Iasi,Medium,0,2023-03-21
C1412,32.0,M,Bucuresti,Low,1,2024-04-21
C1413,35.0,F,Constanta,Medium,1,2023-04-09
C1414,49.0,M,Bucuresti,Low,1,2024-07-29
C1415,34.0,M,Ploiesti,High,1,2024-07-11
C1416,58.0,M,Ploiesti,Medium,1,2022-12-22
C1417,,,Baia Mare,Medium,1,2024-05-06
C1418,18.0,M,Timisoara,Low,0,2024-04-01
C1419,39.0,F,Timisoara,Medium,0,2022-09-06
C1420,35.0,M,Sibiu,Medium,0,2023-09-13
C1421,44.0,F,Bucuresti,Medium,0,2022-05-05
C1422,38.0,F,Iasi,Medium,0,2024-03-23
C1423,30.0,M,Iasi,Medium,0,2022-08-05
C1424,19.0,M,Bucuresti,High,0,2022-05-03
C1425,29.0,M,Cluj-Napoca,Medium,0,2023-02-24
C1426,,M,Galati,High,0,2023-08-02
C1427,26.0,F,Galati,High,1,2024-04-08
C1428,37.0,F,Bucuresti,Medium,0,2024-07-24
C1429,48.0,F,Bucuresti,Low,1,2023-03-31
C1430,35.0,F,Bucuresti,Medium,0,2022-04-24
C1431,20.0,M,Galati,High,1,2024-01-04
C1432,36.0,M,Bucuresti,Low,1,2023-07-22
C1433,43.0,F,Craiova,Medium,1,2023-04-08
C1434,,M,Bucuresti,High,1,2022-12-04
C1435,30.0,F,Constanta,Medium,0,2023-05-27
C1436,32.0,M,Bucuresti,Medium,1,2022-12-30
C1437,24.0,M,Oradea,Low,1,2024-01-11
C1438,38.0,F,Bucuresti,Low,1,2023-07-03
C1439,30.0,M,Brasov,Medium,1,2024-04-28
C1440,36.0,F,Bucuresti,Low,0,2023-07-03
C1441,23.0,F,Craiova,Low,1,2022-10-01
C1442,27.0,,Galati,High,0,2024-04-04
C1443,39.0,F,Bucuresti,Medium,0,2023-07-15
C1444,28.0,F,Galati,High,0,2022-09-03
C1445,49.0,F,Constanta,High,1,2023-09-13
C1446,28.0,M,Bucuresti,Low,0,2023-01-16
C1447,34.0,F,Cluj-Napoca,Low,0,2024-03-29
C1448,41.0,F,Bucuresti,Medium,0,2023-04-12
C1449,18.0,M,Craiova,Medium,1,2023-12-14
C1450,18.0,M,Sibiu,Low,1,2022-05-25
C1451,18.0,M,Bucuresti,,0,2023-02-20
C1452,44.0,F,Timisoara,Low,0,2024-08-01
C1453,26.0,F,Ploiesti,High,1,2024-02-26
C1454,57.0,M,Targu Mures,Low,1,2022-07-22
C1455,26.0,F,Iasi,Low,1,2022-11-05
C1456,33.0,F,Arad,Low,0,2022-12-22
C1457,47.0,F,Iasi,High,1,2023-10-07
C1458,52.0,F,Cluj-Napoca,Medium,0,2024-01-11
C1459,52.0,F,Galati,High,0,2024-01-04
C1460,44.0,M,Timisoara,Medium,0,2023-06-02
C1461,42.0,,Timisoara,Medium,0,2024-02-28
C1462,37.0,M,Timisoara,Low,1,2023-03-29
C1463,39.0,F,Galati,Medium,0,2022-06-20
C1464,26.0,F,Ploiesti,Medium,0,2023-07-21
C1465,23.0,M,Cluj-Napoca,Medium,0,2024-07-05
C1466,31.0,M,Bucuresti,Low,0,2024-02-12
C1467,30.0,F,Timisoara,High,0,2023-08-03
C1468,27.0,M,Constanta,Low,0,2023-10-04
C1469,38.0,F,Bucuresti,High,0,2024-06-15
C1470,41.0,M,Oradea,Low,1,2023-03-21
C1471,,M,Timisoara,Medium,1,2022-12-24
C1472,46.0,F,Bucuresti,Medium,1,2024-07-27
C1473,20.0,F,Bucuresti,Medium,0,2024-04-16
C1474,30.0,F,Bucuresti,Medium,1,2022-12-16
C1475,24.0,M,Arad,Medium,1,2023-04-22
C1476,,F,Bucuresti,Medium,1,2023-03-09
C1477,31.0,F,Bucuresti,Medium,1,2022-07-13
C1478,30.0,F,Timisoara,Medium,0,2024-07-10
C1479,47.0,F,Bucuresti,High,1,2023-02-27
C1480,38.0,F,Bucuresti,Low,0,2024-04-26
C1481,21.0,M,Bucuresti,Medium,0,2022-08-18
C1482,50.0,M,Iasi,Medium,0,2023-07-07
C1483,44.0,F,Iasi,Medium,0,2022-03-22
C1484,37.0,M,Bucuresti,Medium,1,2024-01-17
C1485,,F,Timisoara,Medium,0,2023-08-05
C1486,22.0,M,Arad,Low,0,2023-09-15
C1487,28.0,F,Cluj-Napoca,Low,1,2022-04-16
C1488,42.0,F,Bucuresti,,0,2022-09-06
C1489,50.0,M,Bucuresti,Medium,0,2022-05-06
C1490,47.0,M,Timisoara,Medium,1,2022-11-16
C1491,27.0,M,Sibiu,High,1,2023-09-16
C1492,20.0,F,Bucuresti,Medium,0,2023-07-23
C1493,,F,Craiova,Low,1,2023-09-02
C1494,18.0,M,Bucuresti,High,0,2023-07-08
C1495,35.0,F,Cluj-Napoca,High,0,2022-11-01
C1496,30.0,M,Oradea,Medium,0,2022-10-07
C1497,27.0,F,Bucuresti,Medium,0,2022-07-02
C1498,18.0,F,Iasi,High,1,2024-04-03
C1499,37.0,M,Bucuresti,Medium,1,2023-09-06
C1500,26.0,F,Sibiu,High,0,2022-08-15
C1501,20.0,M,Bucuresti,Low,0,2022-08-07
C1502,18.0,M,Galati,Low,1,2024-04-24
C1503,31.0,,Bucuresti,Medium,0,2023-12-29
C1504,49.0,M,Galati,Medium,0,2023-10-15
C1505,,F,Bucuresti,High,1,2023-03-02
C1506,27.0,M,Craiova,,1,2022-10-22
C1507,25.0,F,Bucuresti,Medium,1,2024-07-29
C1508,36.0,M,Pitesti,Low,0,2024-02-16
C1509,22.0,M,Bucuresti,High,1,2022-11-27
C1510,35.0,F,Bucuresti,Medium,0,2024-04-01
C1511,39.0,F,Timisoara,Low,0,2024-01-13
C1512,44.0,M,Bucuresti,Medium,0,2022-11-23
C1513,30.0,F,Bucuresti,Medium,0,2023-03-19
C1514,29.0,F,Targu Mures,Medium,0,2022-08-15
C1515,23.0,F,Baia Mare,Medium,0,2022-06-08
C1516,23.0,F,Bucuresti,Medium,0,2023-12-11
C1517,29.0,M,Targu Mures,High,1,2022-10-27
C1518,35.0,M,Iasi,Medium,0,2024-03-08
C1519,41.0,F,Bucuresti,Medium,0,2024-08-13
C1520,23.0,M,Craiova,Low,0,2022-05-08
C1521,46.0,F,Brasov,Medium,0,2023-04-30
C1522,29.0,M,Baia Mare,Low,1,2024-02-20
C1523,31.0,M,Bucuresti,Low,0,2024-02-09
C1524,24.0,F,Brasov,Medium,1,2024-01-13
C1525,18.0,M,Bucuresti,Low,0,2023-01-09
C1526,40.0,F,Bucuresti,,0,2023-04-13
C1527,39.0,F,Bucuresti,Low,1,2023-08-18
C1528,29.0,F,Baia Mare,Medium,1,2024-07-24
C1529,32.0,F,Ploiesti,,0,2022-12-20
C1530,37.0,F,Oradea,Low,1,2024-06-08
C1531,18.0,F,Iasi,Low,0,2022-10-29
C1532,26.0,F,Bucuresti,High,1,2024-08-07
C1533,39.0,M,Bucuresti,High,1,2023-10-25
C1534,19.0,M,Bucuresti,Low,1,2023-04-22
C1535,34.0,M,Bucuresti,Medium,1,2023-09-04
C1536,,M,Sibiu,Medium,0,2022-11-01
C1537,36.0,F,Iasi,High,1,2022-11-02
C1538,31.0,F,Bucuresti,Medium,0,2022-06-11
C1539,18.0,F,Bucuresti,Medium,0,2022-06-11
C1540,43.0,M,Bucuresti,Low,0,2023-01-07
C1541,24.0,F,Cluj-Napoca,Medium,0,2024-01-16
C1542,23.0,,Targu Mures,High,1,2023-08-30
C1543,34.0,F,Brasov,Medium,0,2022-06-01
C1544,43.0,F,Ploiesti,Low,0,2024-04-06
C1545,21.0,M,Timisoara,Low,0,2023-08-24
C1546,32.0,M,Bucuresti,,0,2024-07-12
C1547,36.0,M,Bucuresti,Medium,1,2023-10-25
C1548,38.0,F,Galati,Medium,0,2022-08-05
C1549,33.0,F,Oradea,High,1,2023-05-01
C1550,28.0,F,Bucuresti,Low,1,2023-10-05
C1551,23.0,M,Iasi,Medium,1,2022-03-26
C1552,32.0,M,Timisoara,High,0,2022-03-14
C1553,21.0,F,Constanta,Medium,1,2022-06-25
C1554,,F,Arad,Low,0,2022-10-13
C1555,36.0,M,Constanta,Medium,1,2023-03-22
C1556,,M,Iasi,High,0,2023-05-13
C1557,,F,Bucuresti,Low,0,2022-07-03
C1558,21.0,M,Bucuresti,High,0,2023-10-28
C1559,38.0,M,Bucuresti,Medium,1,2023-08-19
C1560,52.0,M,Bucuresti,Low,0,2022-11-21
C1561,32.0,F,Sibiu,Medium,0,2022-03-13
C1562,24.0,F,Craiova,Medium,0,2022-05-09
C1563,30.0,F,Bucuresti,Medium,1,2023-02-16
C1564,45.0,F,Ploiesti,Medium,1,2022-07-17
C1565,25.0,F,Bucuresti,High,0,2023-02-03
C1566,24.0,M,Bucuresti,Low,1,2023-09-17
C1567,27.0,F,Bucuresti,Medium,0,2023-07-06
C1568,22.0,M,Bucuresti,Medium,0,2022-09-25
C1569,,F,Bucuresti,Medium,1,2023-01-04
C1570,48.0,M,Timisoara,Medium,0,2023-09-04
C1571,35.0,M,Cluj-Napoca,Low,0,2024-04-13
C1572,29.0,M,Baia Mare,Medium,0,2024-01-07
C1573,29.0,M,Bucuresti,Medium,0,2023-07-12
C1574,18.0,M,Bucuresti,Low,0,2023-01-21
C1575,40.0,M,Bucuresti,High,0,2023-01-23
C1576,,F,Constanta,High,0,2024-04-30
C1577,30.0,M,Bucuresti,Medium,0,2022-04-05
C1578,63.0,F,Ploiesti,,0,2024-08-06
C1579,34.0,F,Iasi,Medium,0,2023-10-19
C1580,24.0,F,Iasi,Low,0,2023-11-04
C1581,,F,Iasi,Low,1,2022-04-04
C1582,43.0,F,Bucuresti,Medium,0,2023-08-27
C1583,33.0,M,Bucuresti,Low,1,2023-05-11
C1584,18.0,M,Bucuresti,Low,1,2022-06-04
C1585,41.0,M,Constanta,Low,1,2022-11-06
C1586,25.0,F,Bucuresti,Low,0,2024-05-10
C1587,50.0,,Bucuresti,Low,0,2023-07-08
C1588,42.0,M,Arad,High,0,2023-03-08
C1589,27.0,M,Bucuresti,Low,1,2022-05-05
C1590,44.0,F,Ploiesti,Low,0,2023-12-03
C1591,32.0,M,Oradea,Low,1,2023-11-23
C1592,40.0,F,Bucuresti,High,1,2023-09-04
C1593,36.0,F,Bucuresti,Medium,0,2023-06-03
C1594,23.0,F,Bucuresti,Medium,0,2023-03-26
C1595,25.0,F,Craiova,High,1,2023-08-16
C1596,42.0,F,Brasov,Medium,0,2022-09-27
C1597,28.0,F,Oradea,Medium,0,2024-06-25
C1598,27.0,F,Targu Mures,Low,1,2023-08-12
C1599,22.0,F,Craiova,Medium,0,2022-12-06
C1600,36.0,M,Bucuresti,Medium,1,2023-04-09
C1601,52.0,M,Bucuresti,Medium,1,2024-02-24
C1602,21.0,M,Ploiesti,Low,1,2022-07-24
C1603,,M,Bucuresti,Medium,0,2022-11-19
C1604,46.0,F,Bucuresti,,0,2023-11-02
C1605,31.0,F,Craiova,Low,0,2022-12-09
C1606,36.0,M,Cluj-Napoca,Medium,0,2024-02-12
C1607,21.0,M,Targu Mures,High,0,2022-06-26
C1608,36.0,F,Brasov,Medium,0,2024-01-16
C1609,30.0,M,Bucuresti,Medium,0,2022-05-01
C1610,41.0,F,Arad,Low,0,2022-03-12
C1611,43.0,F,Bucuresti,Low,1,2024-05-17
C1612,57.0,F,Bucuresti,Low,0,2023-08-06
C1613,37.0,M,Cluj-Napoca,Medium,0,2023-01-11
C1614,35.0,M,Bucuresti,Low,1,2022-09-26
C1615,33.0,M,Timisoara,Low,1,2023-09-07
C1616,28.0,F,Bucuresti,Medium,0,2023-06-02
C1617,35.0,F,Cluj-Napoca,Low,0,2024-08-09
C1618,29.0,M,Bucuresti,Medium,0,2024-08-01
C1619,33.0,F,Oradea,Medium,1,2023-09-23
C1620,45.0,F,Ploiesti,Medium,1,2023-04-03
C1621,21.0,M,Bucuresti,Medium,1,2023-05-17
C1622,43.0,F,Bucuresti,Medium,0,2023-11-05
C1623,45.0,F,Bucuresti,Low,0,2022-05-31
C1624,30.0,M,Bucuresti,Medium,0,2022-12-21
C1625,18.0,M,Oradea,High,1,2022-05-07
C1626,25.0,F,Craiova,Low,1,2022-05-06
C1627,44.0,F,Bucuresti,Low,1,2022-08-24
C1628,31.0,F,Bucuresti,High,0,2023-05-11
C1629,22.0,F,Bucuresti,Medium,0,2024-02-05
C1630,26.0,F,Brasov,Medium,0,2023-05-11
C1631,40.0,M,Bucuresti,Medium,1,2022-12-27
C1632,37.0,F,Baia Mare,Low,1,2022-05-14
C1633,29.0,F,Oradea,Medium,0,2023-07-09
C1634,28.0,M,Cluj-Napoca,Medium,0,2022-10-31
C1635,28.0,F,Constanta,Low,0,2023-09-05
C1636,22.0,F,Pitesti,Medium,0,2024-07-27
C1637,48.0,M,Iasi,Medium,1,2022-06-09
C1638,28.0,F,Bucuresti,Medium,0,2022-09-07
C1639,44.0,M,Cluj-Napoca,Low,1,2023-04-30
C1640,47.0,M,Ploiesti,Medium,0,2024-07-19
C1641,41.0,,Brasov,Medium,1,2024-01-24
C1642,27.0,F,Brasov,Medium,0,2024-05-17
C1643,36.0,F,Galati,Medium,1,2022-12-26
C1644,31.0,M,Pitesti,Low,0,2024-08-09
C1645,22.0,F,Targu Mures,Medium,0,2022-06-01
C1646,35.0,M,Bucuresti,Medium,0,2022-04-17
C1647,20.0,F,Iasi,Low,0,2024-04-09
C1648,43.0,F,Sibiu,Medium,0,2024-06-12
C1649,27.0,M,Sibiu,Medium,0,2022-05-21
C1650,34.0,F,Constanta,Medium,1,2022-06-11
C1651,34.0,M,Bucuresti,Low,0,2022-03-30
C1652,29.0,M,Oradea,Medium,1,2022-06-03
C1653,37.0,F,Craiova,High,1,2022-09-05
C1654,27.0,F,Bucuresti,Medium,0,2024-07-21
C1655,40.0,M,Timisoara,High,1,2023-10-23
C1656,18.0,M,Bucuresti,High,0,2024-01-30
C1657,33.0,,Bucuresti,Low,0,2024-01-28
C1658,51.0,F,Bucuresti,Medium,0,2023-06-25
C1659,21.0,M,Cluj-Napoca,Medium,1,2024-02-16
C1660,25.0,F,Iasi,High,0,2023-08-19
C1661,37.0,F,Constanta,Low,0,2022-12-09
C1662,33.0,F,Brasov,High,0,2023-07-18
C1663,35.0,M,Ploiesti,Medium,1,2023-06-24
C1664,36.0,M,Bucuresti,Medium,0,2024-03-11
C1665,38.0,M,Bucuresti,Low,1,2024-07-31
C1666,43.0,F,Galati,Low,1,2023-03-05
C1667,36.0,M,Bucuresti,Medium,1,2024-01-17
C1668,29.0,M,Arad,Low,1,2022-05-29
C1669,38.0,F,Ploiesti,High,1,2024-01-29
C1670,50.0,M,Timisoara,Low,0,2023-01-29
C1671,30.0,F,Baia Mare,Medium,0,2022-04-05
C1672,22.0,M,Bucuresti,Medium,0,2023-01-21
C1673,43.0,F,Bucuresti,Medium,0,2023-09-01
C1674,30.0,F,Brasov,Medium,0,2022-06-16
C1675,18.0,F,Bucuresti,Medium,0,2024-06-09
C1676,40.0,F,Targu Mures,Low,0,2022-05-09
C1677,26.0,M,Bucuresti,Low,1,2024-06-15
C1678,31.0,F,Iasi,Medium,0,2023-11-27
C1679,35.0,F,Constanta,Medium,1,2022-12-22
C1680,,F,Brasov,Medium,0,2023-02-15
C1681,39.0,M,Bucuresti,Medium,1,2023-12-27
C1682,27.0,M,Bucuresti,Medium,1,2023-08-24
C1683,37.0,M,Galati,Medium,0,2023-10-26
C1684,29.0,M,Bucuresti,Low,0,2023-02-14
C1685,39.0,M,Ploiesti,Medium,0,2023-05-14
C1686,38.0,F,Iasi,High,0,2024-08-07
C1687,,M,Oradea,High,1,2022-09-09
C1688,42.0,M,Craiova,Medium,1,2023-03-12
C1689,26.0,F,Bucuresti,Medium,0,2022-11-18
C1690,40.0,F,Iasi,High,0,2024-01-18
C1691,35.0,F,Galati,Medium,0,2024-01-17
C1692,50.0,F,Cluj-Napoca,Low,0,2022-11-19
C1693,29.0,M,Arad,Low,1,2022-05-13
C1694,,F,Timisoara,Medium,0,2022-03-11
C1695,31.0,,Bucuresti,High,0,2023-03-20
C1696,28.0,M,Cluj-Napoca,Medium,0,2023-03-05
C1697,39.0,F,Arad,Low,0,2024-08-06
C1698,18.0,F,Bucuresti,Low,1,2023-04-27
C1699,21.0,M,Galati,Medium,0,2022-10-17
C1700,21.0,M,Galati,High,1,2024-05-11
C1701,41.0,M,Bucuresti,Medium,1,2023-05-16
C1702,49.0,M,Bucuresti,Medium,0,2023-08-22
C1703,30.0,M,Craiova,Low,0,2022-05-26
C1704,30.0,F,Bucuresti,High,1,2023-02-08
C1705,32.0,M,Oradea,Medium,1,2024-06-27
C1706,43.0,F,Cluj-Napoca,Low,1,2023-08-13
C1707,22.0,F,Timisoara,Medium,0,2023-01-05
C1708,34.0,F,Oradea,Low,1,2023-09-15
C1709,41.0,F,Cluj-Napoca,Low,0,2024-05-28
C1710,37.0,M,Cluj-Napoca,Low,1,2022-11-02
C1711,33.0,F,Bucuresti,Low,1,2023-05-29
C1712,42.0,F,Bucuresti,Medium,0,2024-07-10
C1713,18.0,F,Iasi,Medium,1,2022-08-03
C1714,38.0,F,Ploiesti,Medium,0,2023-12-08
C1715,25.0,M,Bucuresti,Medium,1,2023-09-05
C1716,18.0,F,Iasi,Low,0,2023-11-02
C1717,37.0,M,Brasov,Low,1,2023-01-11
C1718,,F,Bucuresti,Medium,0,2022-12-08
C1719,30.0,F,Bucuresti,Medium,1,2023-11-06
C1720,41.0,M,Targu Mures,Low,0,2022-09-10
C1721,48.0,F,Craiova,High,0,2023-03-13
C1722,45.0,M,Constanta,Medium,0,2022-08-17
C1723,48.0,M,Brasov,High,1,2022-03-08
C1724,39.0,,Bucuresti,Medium,0,2024-07-21
C1725,32.0,F,Constanta,Low,0,2023-03-24
C1726,18.0,F,Iasi,Medium,0,2024-07-20
C1727,,F,Iasi,Low,1,2022-07-05
C1728,23.0,F,Bucuresti,Medium,0,2023-08-11
C1729,53.0,F,Bucuresti,Low,0,2022-08-28
C1730,30.0,,Bucuresti,High,0,2024-02-10
C1731,33.0,M,Arad,Low,0,2024-02-04
C1732,37.0,F,Cluj-Napoca,High,0,2022-06-10
C1733,32.0,M,Timisoara,High,0,2024-05-29
C1734,48.0,F,Bucuresti,Medium,1,2022-08-23
C1735,25.0,M,Bucuresti,Medium,1,2023-09-03
C1736,33.0,M,Craiova,Medium,0,2024-08-04
C1737,24.0,M,Iasi,High,0,2024-05-03
C1738,18.0,F,Iasi,Medium,1,2024-07-08
C1739,25.0,M,Bucuresti,Medium,0,2023-01-03
C1740,31.0,M,Sibiu,Medium,1,2022-06-04
C1741,27.0,F,Bucuresti,High,0,2022-08-17
C1742,25.0,F,Bucuresti,Medium,0,2023-05-25
C1743,18.0,M,Timisoara,Medium,0,2024-02-12
C1744,31.0,M,Bucuresti,Medium,1,2022-07-14
C1745,18.0,M,Bucuresti,High,0,2023-10-15
C1746,,M,Brasov,Medium,0,2022-12-17
C1747,32.0,F,Brasov,Low,0,2023-01-02
C1748,,F,Ploiesti,Medium,1,2023-10-17
C1749,28.0,F,Cluj-Napoca,High,1,2023-04-25
C1750,24.0,M,Bucuresti,Medium,0,2024-02-29
C1751,35.0,F,Bucuresti,High,0,2022-07-19
C1752,,F,Baia Mare,Low,1,2024-02-09
C1753,18.0,F,Constanta,Medium,0,2022-04-27
C1754,33.0,F,Craiova,Medium,0,2022-08-22
C1755,30.0,F,Bucuresti,High,0,2023-10-12
C1756,38.0,F,Iasi,Low,1,2024-04-08
C1757,34.0,M,Bucuresti,High,0,2022-10-14
C1758,24.0,F,Iasi,Medium,1,2022-12-20
C1759,28.0,F,Targu Mures,Low,0,2023-06-27
C1760,24.0,F,Arad,Medium,0,2022-09-07
C1761,42.0,M,Iasi,Low,1,2024-02-29
C1762,32.0,F,Timisoara,Medium,0,2024-01-26
C1763,51.0,,Targu Mures,Low,0,2022-07-09
C1764,31.0,M,Brasov,Low,1,2023-04-22
C1765,24.0,M,Bucuresti,High,1,2024-01-27
C1766,18.0,F,Timisoara,Low,1,2022-12-29
C1767,18.0,F,Bucuresti,Low,1,2023-09-21
C1768,18.0,F,Timisoara,Medium,1,2022-04-15
C1769,34.0,,Timisoara,Medium,0,2023-08-30
C1770,37.0,F,Constanta,Medium,0,2022-07-16
C1771,18.0,M,Bucuresti,Medium,1,2024-03-17
C1772,40.0,M,Bucuresti,Medium,0,2023-01-14
C1773,27.0,M,Timisoara,Medium,1,2022-11-09
C1774,33.0,M,Ploiesti,Low,1,2024-03-26
C1775,48.0,,Brasov,Low,0,2022-04-15
C1776,40.0,M,Bucuresti,Medium,1,2023-02-20
C1777,29.0,M,Targu Mures,Medium,0,2023-01-28
C1778,23.0,M,Pitesti,Medium,0,2022-11-12
C1779,18.0,F,Bucuresti,Medium,1,2024-05-29
C1780,,F,Bucuresti,Medium,0,2024-01-05
C1781,29.0,M,Sibiu,Low,0,2022-04-27
C1782,22.0,F,Ploiesti,Low,0,2023-12-04
C1783,30.0,M,Arad,Medium,1,2023-06-18
C1784,32.0,F,Pitesti,Medium,1,2024-05-19
C1785,29.0,M,Constanta,Medium,1,2022-12-07
C1786,25.0,M,Iasi,Low,1,2023-07-30
C1787,33.0,F,Bucuresti,Medium,0,2023-05-25
C1788,36.0,F,Bucuresti,High,1,2023-05-15
C1789,21.0,F,Timisoara,Low,1,2023-04-15
C1790,46.0,F,Brasov,Medium,0,2022-09-02
C1791,31.0,F,Iasi,High,0,2024-01-10
C1792,32.0,M,Sibiu,Medium,1,2023-04-11
C1793,39.0,M,Bucuresti,Medium,1,2024-07-10
C1794,34.0,M,Iasi,Low,1,2022-10-21
C1795,41.0,M,Bucuresti,Medium,1,2023-11-05
C1796,34.0,F,Cluj-Napoca,Low,0,2024-06-24
C1797,25.0,F,Sibiu,High,1,2023-10-19
C1798,35.0,M,Craiova,Medium,0,2024-04-23
C1799,20.0,F,Baia Mare,Medium,0,2024-03-14
C1800,33.0,F,Bucuresti,Medium,1,2023-01-19
C1801,31.0,M,Timisoara,Medium,0,2023-08-23
C1802,29.0,M,Bucuresti,Medium,1,2022-07-19
C1803,30.0,M,Cluj-Napoca,High,0,2023-06-25
C1804,18.0,M,Galati,High,0,2022-09-24
C1805,26.0,M,Craiova,Medium,0,2023-12-30
C1806,32.0,F,Galati,High,0,2023-06-19
C1807,33.0,M,Bucuresti,Medium,0,2023-03-06
C1808,21.0,M,Galati,Medium,0,2022-10-28
C1809,44.0,F,Bucuresti,Medium,1,2024-08-15
C1810,23.0,F,Pitesti,Low,0,2022-05-04
C1811,41.0,F,Bucuresti,Low,0,2022-04-09
C1812,36.0,M,Bucuresti,Low,0,2022-09-12
C1813,25.0,M,Iasi,Medium,1,2024-07-21
C1814,49.0,F,Targu Mures,Medium,0,2024-07-29
C1815,20.0,M,Bucuresti,Medium,1,2023-10-11
C1816,41.0,M,Bucuresti,High,1,2024-05-01
C1817,42.0,F,Galati,Medium,0,2022-09-09
C1818,25.0,F,Cluj-Napoca,Medium,0,2024-07-22
C1819,45.0,M,Bucuresti,Low,1,2022-07-07
C1820,29.0,F,Cluj-Napoca,Low,1,2022-05-31
C1821,34.0,M,Cluj-Napoca,Medium,1,2022-06-09
C1822,34.0,M,Pitesti,Medium,0,2023-07-29
C1823,30.0,M,Oradea,Medium,0,2024-02-01
C1824,40.0,M,Timisoara,Low,0,2023-01-25
C1825,39.0,M,Baia Mare,Medium,0,2024-07-28
C1826,18.0,F,Timisoara,Low,0,2023-03-26
C1827,45.0,,Bucuresti,Low,1,2022-07-14
C1828,18.0,F,Bucuresti,Low,0,2023-04-24
C1829,42.0,M,Cluj-Napoca,Low,1,2023-11-02
C1830,43.0,M,Bucuresti,Medium,1,2024-03-19
C1831,21.0,M,Arad,Low,0,2023-04-17
C1832,27.0,M,Oradea,High,1,2023-08-17
C1833,20.0,M,Bucuresti,Medium,0,2022-10-27
C1834,29.0,F,Constanta,Low,1,2023-10-03
C1835,28.0,F,Craiova,Low,0,2024-08-04
C1836,39.0,F,Targu Mures,Medium,0,2022-04-14
C1837,45.0,F,Galati,Low,1,2024-05-06
C1838,45.0,F,Iasi,High,0,2023-07-20
C1839,26.0,M,Oradea,High,1,2022-10-13
C1840,29.0,M,Iasi,Low,0,2024-07-07
C1841,18.0,M,Iasi,Medium,0,2023-05-10
C1842,23.0,F,Bucuresti,Low,0,2022-12-24
C1843,41.0,,Bucuresti,Medium,0,2022-08-11
C1844,48.0,M,Iasi,Medium,0,2022-10-07
C1845,19.0,F,Bucuresti,Low,1,2024-03-19
C1846,26.0,F,Bucuresti,Low,1,2023-09-04
C1847,,M,Craiova,Medium,1,2024-05-30
C1848,34.0,M,Bucuresti,Medium,1,2022-09-25
C1849,,M,Constanta,Low,0,2022-06-18
C1850,36.0,F,Iasi,Medium,1,2022-03-06
C1851,27.0,M,Arad,Medium,0,2023-06-01
C1852,31.0,F,Timisoara,High,1,2024-08-15
C1853,37.0,M,Bucuresti,Low,0,2023-11-16
C1854,32.0,F,Iasi,Medium,1,2022-12-03
C1855,27.0,M,Ploiesti,Medium,1,2024-04-28
C1856,30.0,F,Baia Mare,Low,1,2024-02-02
C1857,31.0,F,Cluj-Napoca,Medium,1,2022-03-14
C1858,28.0,F,Bucuresti,Medium,1,2024-03-05
C1859,29.0,F,Pitesti,High,1,2022-11-26
C1860,47.0,M,Bucuresti,Low,0,2022-07-13
C1861,37.0,F,Constanta,,0,2022-09-20
C1862,29.0,M,Cluj-Napoca,Medium,0,2023-04-26
C1863,38.0,M,Bucuresti,High,0,2023-03-18
C1864,28.0,F,Bucuresti,Medium,0,2022-11-15
C1865,43.0,M,Bucuresti,High,0,2022-08-02
C1866,,F,Craiova,High,0,2024-01-16
C1867,30.0,F,Arad,Low,1,2024-08-08
C1868,36.0,M,Bucuresti,High,1,2024-01-30
C1869,18.0,F,Ploiesti,High,0,2022-11-22
C1870,20.0,M,Bucuresti,Low,0,2022-10-07
C1871,20.0,M,Iasi,Medium,0,2022-09-12
C1872,33.0,M,Bucuresti,Medium,0,2022-07-02
C1873,49.0,F,Targu Mures,Low,1,2023-07-10
C1874,54.0,F,Oradea,Low,0,2023-08-27
C1875,38.0,F,Brasov,Low,0,2023-11-25
C1876,37.0,F,Ploiesti,Low,1,2023-11-03
C1877,18.0,M,Brasov,Medium,1,2022-11-19
C1878,26.0,M,Arad,Low,0,2022-12-23
C1879,24.0,F,Craiova,High,1,2023-11-04
C1880,25.0,F,Targu Mures,Medium,0,2023-01-09
C1881,30.0,M,Iasi,Low,0,2022-09-08
C1882,27.0,M,Bucuresti,Medium,0,2023-01-31
C1883,18.0,F,Iasi,Medium,0,2022-10-31
C1884,39.0,F,Bucuresti,High,0,2022-05-19
C1885,21.0,M,Constanta,Low,0,2024-03-17
C1886,34.0,F,Timisoara,Low,1,2024-04-06
C1887,52.0,F,Constanta,High,1,2022-09-14
C1888,22.0,F,Bucuresti,High,0,2022-04-28
C1889,18.0,M,Bucuresti,Medium,0,2023-12-25
C1890,29.0,F,Timisoara,Medium,1,2022-09-07
C1891,43.0,M,Arad,Low,0,2023-02-18
C1892,51.0,M,Cluj-Napoca,Medium,1,2022-04-27
C1893,19.0,F,Cluj-Napoca,Low,1,2022-09-20
C1894,36.0,F,Craiova,Low,0,2024-02-12
C1895,27.0,M,Constanta,High,0,2024-02-22
C1896,30.0,F,Bucuresti,Low,0,2022-09-03
C1897,58.0,F,Cluj-Napoca,Medium,0,2022-12-28
C1898,18.0,F,Bucuresti,High,0,2022-06-29
C1899,34.0,F,Arad,Low,1,2022-05-06
C1900,36.0,F,Bucuresti,High,0,2024-08-09
C1901,42.0,F,Bucuresti,High,0,2023-10-12
C1902,32.0,M,Bucuresti,Medium,0,2023-07-01
C1903,35.0,M,Bucuresti,Low,0,2024-01-18
C1904,28.0,M,Oradea,Medium,0,2024-03-26
C1905,34.0,F,Bucuresti,Medium,0,2024-02-25
C1906,,F,Bucuresti,Medium,0,2022-03-15
C1907,38.0,M,Timisoara,Low,1,2022-08-16
C1908,28.0,M,Bucuresti,High,0,2023-10-11
C1909,35.0,,Bucuresti,Low,1,2023-02-02
C1910,31.0,M,Ploiesti,Medium,0,2024-08-01
C1911,43.0,F,Oradea,Low,0,2023-10-20
C1912,,M,Pitesti,Medium,0,2024-07-08
C1913,18.0,F,Galati,High,1,2022-08-29
C1914,44.0,F,Craiova,Low,0,2024-04-16
C1915,22.0,M,Bucuresti,Low,0,2022-12-15
C1916,25.0,F,Oradea,Medium,0,2024-08-07
C1917,26.0,M,Galati,Medium,0,2022-07-20
C1918,45.0,F,Oradea,Medium,0,2023-06-08
C1919,18.0,F,Timisoara,Medium,1,2024-02-12
C1920,63.0,M,Bucuresti,,0,2023-03-25
C1921,42.0,F,Galati,High,1,2023-04-26
C1922,34.0,F,Craiova,High,0,2024-08-04
C1923,31.0,M,Baia Mare,Medium,1,2023-03-18
C1924,34.0,M,Bucuresti,High,1,2023-08-26
C1925,37.0,F,Bucuresti,Medium,0,2022-04-19
C1926,38.0,F,Bucuresti,Medium,1,2024-03-27
C1927,37.0,F,Oradea,Low,1,2023-10-05
C1928,32.0,F,Bucuresti,Medium,0,2023-02-27
C1929,30.0,F,Bucuresti,Medium,0,2022-03-15
C1930,30.0,M,Baia Mare,Low,1,2023-08-15
C1931,,F,Bucuresti,Medium,0,2022-03-12
C1932,43.0,F,Ploiesti,Medium,0,2022-03-02
C1933,37.0,F,Bucuresti,Medium,1,2023-09-06
C1934,18.0,M,Ploiesti,,0,2022-08-18
C1935,38.0,M,Iasi,High,1,2022-08-20
C1936,33.0,M,Pitesti,Low,1,2023-10-09
C1937,31.0,M,Targu Mures,Medium,1,2022-04-18
C1938,28.0,M,Bucuresti,Medium,0,2022-12-08
C1939,43.0,F,Bucuresti,Medium,0,2022-07-13
C1940,41.0,F,Bucuresti,Medium,0,2023-08-05
C1941,24.0,M,Brasov,Low,0,2023-10-17
C1942,36.0,F,Pitesti,High,0,2023-12-10
C1943,22.0,M,Timisoara,Medium,0,2022-10-16
C1944,18.0,M,Constanta,High,0,2022-05-20
C1945,25.0,M,Bucuresti,Medium,0,2022-05-10
C1946,40.0,F,Ploiesti,Medium,1,2023-03-19
C1947,41.0,M,Arad,High,1,2024-06-29
C1948,37.0,M,Bucuresti,,1,2022-09-12
C1949,39.0,M,Timisoara,Medium,1,2022-10-18
C1950,37.0,F,Bucuresti,Medium,0,2022-05-30
C1951,25.0,M,Iasi,High,1,2023-08-28
C1952,36.0,F,Timisoara,Medium,1,2023-11-02
C1953,40.0,,Bucuresti,Medium,0,2023-09-30
C1954,39.0,F,Cluj-Napoca,Low,0,2024-04-14
C1955,43.0,F,Bucuresti,High,0,2023-05-12
C1956,39.0,M,Iasi,Low,0,2022-06-30
C1957,35.0,M,Constanta,Medium,0,2022-11-16
C1958,42.0,F,Bucuresti,Medium,0,2023-10-18
C1959,31.0,F,Oradea,Medium,1,2023-09-03
C1960,23.0,F,Craiova,Medium,0,2023-06-21
C1961,30.0,F,Bucuresti,Low,0,2023-11-05
C1962,24.0,F,Bucuresti,Medium,1,2023-09-25
C1963,25.0,F,Sibiu,Medium,0,2024-05-02
C1964,30.0,F,Arad,High,1,2023-08-10
C1965,24.0,F,Bucuresti,Low,0,2024-01-30
C1966,28.0,M,Bucuresti,High,1,2022-10-10
C1967,,F,Bucuresti,Medium,0,2023-11-01
C1968,34.0,M,Constanta,High,0,2024-05-20
C1969,32.0,M,Bucuresti,Medium,0,2023-02-11
C1970,23.0,F,Bucuresti,Medium,1,2024-01-31
C1971,38.0,M,Craiova,High,1,2023-12-13
C1972,41.0,M,Iasi,High,0,2022-04-23
C1973,18.0,M,Cluj-Napoca,Medium,1,2023-08-06
C1974,24.0,F,Cluj-Napoca,Low,0,2022-06-26
C1975,24.0,,Iasi,Medium,1,2024-07-18
C1976,22.0,F,Bucuresti,Medium,1,2024-02-29
C1977,40.0,M,Bucuresti,Low,0,2022-06-07
C1978,30.0,F,Galati,Low,0,2022-06-18
C1979,29.0,F,Bucuresti,High,1,2023-08-18
C1980,18.0,M,Craiova,Low,1,2023-01-05
C1981,38.0,M,Targu Mures,Medium,1,2022-04-01
C1982,19.0,M,Bucuresti,Low,1,2023-07-01
C1983,32.0,,Bucuresti,Medium,0,2023-02-13
C1984,34.0,F,Iasi,Low,1,2022-05-30
C1985,45.0,F,Galati,Low,0,2024-02-20
C1986,18.0,M,Targu Mures,Medium,1,2024-06-01
C1987,18.0,F,Sibiu,High,0,2024-01-10
C1988,33.0,F,Bucuresti,Low,0,2024-03-10
C1989,50.0,F,Brasov,Medium,0,2022-09-11
C1990,44.0,F,Cluj-Napoca,Medium,0,2022-10-24
C1991,34.0,M,Timisoara,High,0,2022-09-04
C1992,27.0,M,Bucuresti,Medium,1,2024-01-18
C1993,40.0,F,Bucuresti,Medium,1,2024-07-01
C1994,22.0,F,Oradea,Medium,0,2023-12-06
C1995,36.0,F,Timisoara,High,1,2024-05-02
C1996,37.0,M,Bucuresti,Low,1,2023-09-26
C1997,42.0,F,Cluj-Napoca,,0,2023-02-12
C1998,59.0,M,Galati,High,0,2023-03-19
C1999,35.0,M,Sibiu,,1,2022-05-07
C2000,26.0,F,Bucuresti,Medium,1,2022-03-29
